,,0.5,0.45,0.48,0.5,0.51,0.52,0.53,0.54,0.55,0.56,0.58,0.6,0.62,0.64,0.66,0.68,0.7
bravo    | p=0.7 | alpha=0.05,9,0.0019461004301082959,0.0007533555321753119,0.0013473359773233434,0.0019461004301082959,0.002326098898007573,0.002770675741827759,0.0032892374525438283,0.003892341393661122,0.004591810834395898,0.005400859003795595,0.007408305899103686,0.010053520283980648,0.013507228465216015,0.01797792980905842,0.02371862051038361,0.03103444284409056,0.0402913523455305
bravo    | p=0.7 | alpha=0.05,12,0.002187607570169467,0.0007542201248150252,0.0014513995487931747,0.002187607570169467,0.002666190545562648,0.0032343824777946338,0.0039060029529334114,0.004696484600449728,0.0056229774193582325,0.006704445509191019,0.009417733024564159,0.013027177809262222,0.0177560902785412,0.023859311436574313,0.03161921757290353,0.0413374312052407,0.05332067345920169
bravo    | p=0.7 | alpha=0.05,14,0.0038286927395478807,0.0013065195060182346,0.002535923187114939,0.0038286927395478807,0.004664612060723284,0.00565210540905565,0.006812335616668166,0.008168248699201398,0.009744510320030191,0.01156739040353077,0.016064982451688414,0.021894776413337175,0.0292968938276385,0.03849967800927658,0.049694262252772646,0.06300107941074425,0.07842808101098038
bravo    | p=0.7 | alpha=0.05,17,0.002618465896317758,0.0007957266321022382,0.0016619742144070243,0.002618465896317758,0.0032529507964058767,0.004014403790374903,0.004922028765098462,0.005996624076997475,0.007260438920987637,0.008736953606588221,0.012426219959789061,0.017262698940118427,0.02343372348429931,0.031089549021673706,0.04030929647445322,0.05105996055653378,0.06315114063694587
bravo    | p=0.7 | alpha=0.05,19,0.003854080106769762,0.001159207257739111,0.002442091231129312,0.003854080106769762,0.004786258446922918,0.005899775371784043,0.007219449088886141,0.008771217264192074,0.010581658920281468,0.012677383208948319,0.017826604408004366,0.024400108021145537,0.03251651590901476,0.04218868278158041,0.053276376984391124,0.06544088414049562,0.0781103736182411
bravo    | p=0.7 | alpha=0.05,22,0.002390032376304877,0.0006401080484090752,0.0014511809230632635,0.002390032376304877,0.0030265752410973614,0.0037996695241858092,0.004729958908992285,0.0058391289800777966,0.007149432336387037,0.008683070156734356,0.012504121216330077,0.017445779902114465,0.023586136903132424,0.030894903990803826,0.03918910880255931,0.048096009097061285,0.05703462444801986
bravo    | p=0.7 | alpha=0.05,25,0.0016769271747051164,0.00039989124052549555,0.0009756574849125581,0.0016769271747051164,0.0021654056074253557,0.00276881137224451,0.0035063259632993784,0.004398270878204908,0.0054656126386424106,0.006729301159764246,0.009924228050541039,0.014114090563264693,0.01935874316364489,0.02560045619679432,0.0326187425117376,0.03999814233901025,0.047123508211785
bravo    | p=0.7 | alpha=0.05,27,0.0024388947486308995,0.0005755979870229622,0.0014165497961529017,0.0024388947486308995,0.0031482281168263254,0.004020858300213367,0.005081890658495608,0.006356963709130166,0.007871282425466338,0.009648411470776455,0.014068309276178649,0.019712810134855607,0.026542816486462492,0.03432640309760282,0.04259755963305279,0.050650327058723396,0.05758651876956133
bravo    | p=0.7 | alpha=0.05,30,0.0014996017353027385,0.00031509229435749167,0.0008345741643965442,0.0014996017353027385,0.0019739364870094847,0.0025677439149923826,0.0033014999569800684,0.00419642859897454,0.0052736780532113845,0.006553260327009253,0.009785818198528062,0.01397743325932383,0.01909353572181001,0.02492921693368103,0.031074503608898064,0.03691699485035636,0.041699034909486295
bravo    | p=0.7 | alpha=0.05,32,0.0021029005561681246,0.0004372861607298462,0.001168312701207165,0.0021029005561681246,0.0027671050841046037,0.0035953725372603884,0.004613728324713525,0.005848114243376519,0.007322994730720657,0.009059653641850103,0.013375477257211547,0.018822928960095617,0.025241544381383412,0.032228701818531894,0.039126161678269045,0.04507171886825824,0.04912831744699774
bravo    | p=0.7 | alpha=0.05,35,0.001266937237617516,0.00023452823317811087,0.0006744200441382474,0.001266937237617516,0.0017000154754688583,0.0022497967402525373,0.0029370417143078325,0.0037828857079559887,0.004807715277592409,0.006029748860568722,0.009117111855390653,0.013078669296625852,0.017793254036876045,0.022936319293835387,0.027969549044113768,0.032191602083375966,0.03485975106232771
bravo    | p=0.7 | alpha=0.05,37,0.0017596003266097222,0.0003223486220580945,0.0009350535969910844,0.0017596003266097222,0.0023602775887874216,0.0031199989861833773,0.0040650952270122765,0.005221312374858305,0.00661202529982392,0.00825608048872552,0.012342086810077322,0.01744374245338644,0.023296831220813285,0.02936727605094428,0.034877570221518016,0.03892314064966847,0.04067288547714443
bravo    | p=0.7 | alpha=0.05,40,0.0010534001053242867,0.0001717732395199701,0.000536334339808747,0.0010534001053242867,0.0014409205148743671,0.001940035925062076,0.0025715231156000656,0.0033562462380909135,0.004313759539447276,0.005460558774186311,0.008360242474661406,0.012044894896131782,0.016320217419093792,0.020769913171158113,0.0247772271351922,0.027626778274024297,0.028679665821350533
bravo    | p=0.7 | alpha=0.05,42,0.0014586351330009614,0.0002353786954079219,0.0007413644458567255,0.0014586351330009614,0.0019945559086011326,0.0026823668778437723,0.0035485357491544843,0.00461858538688239,0.005914943727905291,0.007454363390941334,0.011283598298532156,0.01601672470603558,0.02130382448909041,0.026512985244046515,0.030802743976399267,0.033301304934173576,0.033358599232392844
bravo    | p=0.7 | alpha=0.05,45,0.0008716520941294817,0.00012519047653130542,0.0004244561064393039,0.0008716520941294817,0.001215478024106019,0.0016649595008399714,0.0022408085746850348,0.002963631097882155,0.00385227884611129,0.004921795175371007,0.007630174195812352,0.011040743919926333,0.014898775600112931,0.018719490846122854,0.021845320836212136,0.023596184639116394,0.02348161035017839
bravo    | p=0.7 | alpha=0.05,47,0.0012064007179452142,0.0001714606985149725,0.0005864348335590704,0.0012064007179452142,0.0016817057272827747,0.0023009651376612933,0.0030907393306024928,0.004076418236462934,0.005279734047749377,0.006715780909893113,0.010293459357422652,0.014674534998638139,0.019438963176560783,0.023883760328762556,0.027143870912826235,0.02842753543762634,0.027297022848091622
bravo    | p=0.7 | alpha=0.05,50,0.0007209893406957263,9.119408805789985e-05,0.00033577338245769695,0.0007209893406957263,0.0010249399681546653,0.0014283982009623622,0.0019519891791599472,0.002616125207871837,0.003439128642061918,0.0044348906140663285,0.0069619093932014285,0.010117515389494569,0.013597330120668815,0.01686654449200739,0.019254265760510175,0.020146588689883307,0.019218076530663084
bravo    | p=0.7 | alpha=0.05,52,0.000998523226465025,0.00012497623239985395,0.0004642050651836673,0.000998523226465025,0.0014190047467370908,0.0019753290278028282,0.00269413730478559,0.003600794870507992,0.00471659113984899,0.00605537771787665,0.009398082631111316,0.013456156543699322,0.01775222804521558,0.021533039150082388,0.023938821871641505,0.024285729363997085,0.022353049811098796
bravo    | p=0.7 | alpha=0.05,55,0.0005973232815782863,6.652741997849056e-05,0.0002660327475135897,0.0005973232815782863,0.0008656714155878952,0.0012274554662854817,0.001703207251756936,0.0023132154918055745,0.0030754394774409697,0.0040028964651677695,0.006362968389033417,0.009287285112462516,0.012430662596940893,0.015222643449942409,0.016998767423341048,0.017229336282402977,0.015753580648924452
bravo    | p=0.7 | alpha=0.05,57,0.000828212145215899,9.127477129324525e-05,0.0003682114116000713,0.000828212145215899,0.001199894144458468,0.0016994234051549513,0.002353512075923192,0.0031875949350460616,0.004222740481488106,0.005471922585174111,0.008599566671079854,0.012366277771659818,0.016247708732057695,0.019456366306421485,0.021158145217649454,0.020791808403932254,0.0183428776403844
bravo    | p=0.7 | alpha=0.05,60,0.0004961065168545827,4.8647794188637106e-05,0.00021129499855874944,0.0004961065168545827,0.0007329950269215625,0.001057457706530577,0.001489927122511056,0.0020506278206999383,0.002757299971225057,0.0036223289406255355,0.00583067282925395,0.008547381271871506,0.011393640535258749,0.01377450255447331,0.015045957700223154,0.014771780455580773,0.012945710956981103
bravo    | p=0.7 | alpha=0.05,62,0.000688819849007899,6.683412587617758e-05,0.00029285027199591975,0.000688819849007899,0.0010173984437984573,0.0014660889041220888,0.002061656584161595,0.002829676674401455,0.003791179741601658,0.004958570471061317,0.00789109260806833,0.011396778579749835,0.01491264665086099,0.017629328413297802,0.018752539036874627,0.017849512623619074,0.015092844996697885
bravo    | p=0.7 | alpha=0.05,65,0.0004132261637902946,3.5671100692798315e-05,0.00016829495081924388,0.0004132261637902946,0.000622450460769334,0.0009136578801500134,0.0013071713612129122,0.001823195859604073,0.002479370698377685,0.003287653602853748,0.005358801270178302,0.007889860697542782,0.010474201134877835,0.012501042061145164,0.013356624431904737,0.012701555942016393,0.010668719016863877
bravo    | p=0.7 | alpha=0.05,67,0.0005745779600451712,4.9075927125136944e-05,0.00023358966532665068,0.0005745779600451712,0.000865220663401649,0.0012685693715757233,0.0018114154151780775,0.002519521687734009,0.0034140261853371208,0.004507020642246436,0.007263060423169925,0.010535352102227839,0.013729014287042316,0.01602234594435174,0.016670509900303776,0.015369228857886575,0.012455074064759533
bravo    | p=0.7 | alpha=0.05,70,0.00034521893294397625,2.6230537491593264e-05,0.00013443959705452814,0.00034521893294397625,0.0005301648237757965,0.0007917974278569167,0.0011503143870779558,0.0016259309666126565,0.0022362796112496875,0.002993060114633514,0.0049402996459232485,0.007305402453041822,0.009658641701418677,0.011380138132427615,0.01189308795815233,0.010954368142610901,0.008818300664214984
bravo    | p=0.7 | alpha=0.05,72,0.0004807118956514336,3.6138883538742256e-05,0.00018686782754424126,0.0004807118956514336,0.0007380125262094427,0.0011009731011239843,0.001596375345965905,0.002250196136155088,0.0030837929071016214,0.004109154946932536,0.006705598219999647,0.009769070452528018,0.012678253253682442,0.014606499349104391,0.01486474266929559,0.013273418015204787,0.010308759432405945
bravo    | p=0.7 | alpha=0.05,75,0.0002892554558771298,1.934288931741536e-05,0.0001077069624259605,0.0002892554558771298,0.000452903455486737,0.0006882412871574141,0.0010153210410084263,0.0014543852523144162,0.002023132052309116,0.0027331429506033803,0.0045683766211942175,0.006784905772937789,0.00893375959438207,0.010391211286480528,0.010621842810298895,0.009475678684401767,0.007310212620339341
bravo    | p=0.7 | alpha=0.05,77,0.0004033503606809696,2.6686149653481507e-05,0.00014991925517240847,0.0004033503606809696,0.0006313507644493581,0.0009583339411590868,0.001411030157248551,0.0020156390168225274,0.002793820987577209,0.003757634513634394,0.006209546673550074,0.009085813474321542,0.011743135374997412,0.013355649697192959,0.01329397111789058,0.011497079623266002,0.008556978573962442
bravo    | p=0.7 | alpha=0.05,80,0.00024305465473469258,1.4302572671515316e-05,8.653186310635008e-05,0.00024305465473469258,0.00038801119119826036,0.0005999551781574777,0.0008987695164943688,0.0013047302115642403,0.0018356554367724327,0.0025031224912266735,0.004236905863562934,0.006320096326562867,0.00828763970767572,0.00951606651786759,0.009514100694593006,0.008220177457499703,0.006077190511226563
bravo    | p=0.7 | alpha=0.05,82,0.00033938174399260085,1.975826263079e-05,0.00012060602515093307,0.00033938174399260085,0.0005416198857557629,0.0008365299659381136,0.0012507448346780051,0.001810681492487345,0.0025383633124020045,0.003446056801361315,0.005766782841180433,0.00847476414878522,0.010908376746261546,0.012246995574213139,0.01192305929407747,0.0099864968475729,0.007122544797227857
bravo    | p=0.7 | alpha=0.05,85,0.00020478682169754222,1.0602927690811795e-05,6.970505128858099e-05,0.00020478682169754222,0.00033332433774150953,0.0005244313103015572,0.0007977956774862362,0.0011737244879502938,0.0016701951087853524,0.002298873174050308,0.003940527379294395,0.005903697469930768,0.007709854347250821,0.008738999617927653,0.008545520912952086,0.007150562409334416,0.005065748940359422
bravo    | p=0.7 | alpha=0.05,87,0.00028631196743613514,1.4665595494201678e-05,9.727602637137853e-05,0.00028631196743613514,0.0004658777480850334,0.0007321619946673608,0.0011116520235899343,0.001630965918997647,0.0023125302668602636,0.003168931202473235,0.005370259205543661,0.007926496476283951,0.0101607138746564,0.011260984838605877,0.01072242220464188,0.008697535870595898,0.0059441145815673805
bravo    | p=0.7 | alpha=0.05,90,0.00017298555087187737,7.879347371495995e-06,5.629144761447078e-05,0.00017298555087187737,0.00028708337715713066,0.0004596044728987773,0.0007100150196610582,0.0010586439649629053,0.0015236544675898045,0.002116875000022848,0.0036746218170436483,0.005529414653883071,0.007191414806811123,0.008046612096074443,0.007695669076538592,0.0062362202819480645,0.004233372710122216
bravo    | p=0.7 | alpha=0.05,93,0.000120752863027983,4.890649128233717e-06,3.76343875447386e-05,0.000120752863027983,0.00020439326462052445,0.0003333408934118057,0.000523959821020044,0.0007939458966787713,0.0011599128046126442,0.0016338829500872633,0.0029052233101322976,0.004456885203090118,0.005881154235660211,0.006643704810611148,0.00638207026733702,0.005166639039111916,0.0034837379677550096
bravo    | p=0.7 | alpha=0.05,95,0.00017666494374828507,7.07832312288544e-06,5.495832525172385e-05,0.00017666494374828507,0.00029894431371085806,0.0004869997070249878,0.0007640097606067032,0.0011545028546338953,0.0016806296798100935,0.0023569248287285093,0.004143303500336502,0.006261983622397568,0.008110701054471913,0.008958484137848277,0.00837942619659997,0.0065757896911117905,0.004277148534576457
bravo    | p=0.7 | alpha=0.05,98,0.00010987917753589818,3.914178688177055e-06,3.2736922513590366e-05,0.00010987917753589818,0.00018964138424230689,0.00031471949748129355,0.0005023723490479483,0.0007715029697163671,0.0011400324235686739,0.0016209961110657696,0.002918979027928888,0.004497657177749906,0.005910597981138974,0.006591087058647811,0.006192312125594877,0.0048546003416121124,0.0031363524123534663
bravo    | p=0.7 | alpha=0.05,100,0.00015648243836059045,5.51427051700446e-06,4.6534964378520846e-05,0.00015648243836059045,0.00026999500952835394,0.0004475730669058276,0.0007130627902384341,0.001092052233836874,0.0016079251354154335,0.002276190305220532,0.004052272619205119,0.00615126468359182,0.007934514346015428,0.00865103589811892,0.00791378445355709,0.006013974310118129,0.003747909302921864
bravo    | p=0.7 | alpha=0.05,103,9.602153123906982e-05,3.0081041007181354e-06,2.7346782598248526e-05,9.602153123906982e-05,0.00016898316542808436,0.00028537117408684,0.0004626063411340897,0.0007200260905335972,0.0010761627323315902,0.0015445997473799388,0.0028168315893192858,0.004359348785904778,0.005705304445210462,0.006280244313640511,0.005770411457315413,0.004380731782570451,0.00271163832572192
bravo    | p=0.7 | alpha=0.05,105,0.0001359378369746614,4.212579000999831e-06,3.864247407879888e-05,0.0001359378369746614,0.00023916037706786845,0.0004034361915621638,0.0006527381899375746,0.001013164633031876,0.001508873310881742,0.0021560986855331554,0.0038873468237689193,0.005926817296206624,0.0076135134905665645,0.00819405223024664,0.007330626398553032,0.005394451279974947,0.003220887529053948
bravo    | p=0.7 | alpha=0.05,108,8.308947903206397e-05,2.2888217658850517e-06,2.2619286545557266e-05,8.308947903206397e-05,0.00014910303521455408,0.00025623408237065564,0.00042183683465443295,0.0006654443838340956,0.001005996677668588,0.0014575111142113907,0.002691895685138858,0.00418433299461038,0.00545373160473527,0.005925947159968392,0.005324911169996938,0.00391450272681274,0.0023214273976999516
bravo    | p=0.7 | alpha=0.05,110,0.0001174014819540468,3.198962984593612e-06,3.1899878061989194e-05,0.0001174014819540468,0.0002106152122882215,0.00036154337307849445,0.000594061812529925,0.0009345527770580251,0.001407770583341257,0.00203060258063054,0.003707743345155623,0.005677829133385985,0.007263596725538578,0.007716589103743772,0.006751245129931536,0.004810652646989563,0.0027517737625249593
bravo    | p=0.7 | alpha=0.05,113,7.165896054628864e-05,1.7354846441474984e-06,1.864569992357143e-05,7.165896054628864e-05,0.0001311248901364569,0.00022931208000141282,0.0003833958384938171,0.0006129867900573097,0.0009373373597351413,0.0013708585830173774,0.0025641648951911238,0.004003346303750447,0.005196359343958423,0.005573444621414067,0.004897703787589265,0.0034863114817119327,0.00198069563133124
bravo    | p=0.7 | alpha=0.05,115,0.00010118636174834388,2.4239750812089708e-06,2.6278970985703362e-05,0.00010118636174834388,0.0001851032203457679,0.000323353319756722,0.0005395880873198118,0.0008603429276047897,0.0013108708544860043,0.0019086848572511703,0.0035295923454124905,0.0054287960406514705,0.006916349444610404,0.007252785239254562,0.006205393610674467,0.004281426215748652,0.002346158005349507
bravo    | p=0.7 | alpha=0.05,118,6.173332196717928e-05,1.3143069019315554e-06,1.5352644283210206e-05,6.173332196717928e-05,0.00011519059701822767,0.00020500188563967237,0.0003480951060291256,0.0005640842157519705,0.0008724765388490219,0.001288059644525194,0.0024400669099229784,0.0038263973276155367,0.004946212275439269,0.005236630831392192,0.0045001281658684405,0.003101651899504998,0.001688096526266782
bravo    | p=0.7 | alpha=0.05,120,8.716328452960011e-05,1.8354932982361556e-06,2.1635698339936302e-05,8.716328452960011e-05,0.0001625960476008618,0.00028905045856995496,0.0004898681864456356,0.000791646641967994,0.001220070481428936,0.0017932655353020078,0.0033585052903191046,0.005188397665759099,0.00658277217625882,0.006813733434434846,0.005700927603568844,0.0038084539737709058,0.001999204240184306
bravo    | p=0.7 | alpha=0.05,123,5.3176154195314734e-05,9.950923388279895e-07,1.2639090424489635e-05,5.3176154195314734e-05,0.0001011825526475284,0.00018325386613257072,0.00031602363333625374,0.0005190554584121946,0.0008120701508913844,0.0012102228437544523,0.0023219299145497813,0.0036572149033056766,0.004708016866655315,0.004920011237675682,0.0041345949431673195,0.0027591841217073578,0.0014385241092793456
bravo    | p=0.7 | alpha=0.05,125,7.509441507983163e-05,1.3898960522448824e-06,1.7814593581628175e-05,7.509441507983163e-05,0.00014284893926822876,0.0002584334270679796,0.0004448171879619941,0.0007285887474363879,0.0011358113774393142,0.0016852151451106502,0.003196490617201634,0.0049598759810982555,0.006266812806227794,0.006402736614487925,0.005238557722780336,0.0033883167244105478,0.0017037727610264503
bravo    | p=0.7 | alpha=0.05,128,4.58214436861427e-05,7.535757225297618e-07,1.0408376453756263e-05,4.58214436861427e-05,8.891138792898389e-05,0.00016387747370109768,0.00028702438482069087,0.00047782298434392503,0.0007561740695185346,0.0011375939204963062,0.0022105205776884866,0.0034971230161842948,0.004483337688916147,0.004624583105990264,0.003800346952072752,0.00245547499689591,0.0012262633959947483
bravo    | p=0.7 | alpha=0.05,130,6.472840536114211e-05,1.0528521467222819e-06,1.467486451930204e-05,6.472840536114211e-05,0.00012556420920881945,0.00023118156175478555,0.000404129108944486,0.0006709276128694228,0.001057973076531703,0.0015845914664430049,0.003044090633967992,0.0047442443921277295,0.0059695481323396755,0.006020008996669591,0.004816358114015656,0.0030160956980133198,0.001452685265156568
bravo    | p=0.7 | alpha=0.05,133,3.950770463565742e-05,5.709444643438242e-07,8.576128689747073e-06,3.950770463565742e-05,7.817698867312463e-05,0.00014664350940731783,0.0002608568661255561,0.0004401598595863508,0.000704604040721309,0.001070060668283711,0.0021059341566197543,0.003346401456213811,0.004272378911675648,0.004349888425840541,0.003495444247954662,0.0021865740791810295,0.0010459326965950677
bravo    | p=0.7 | alpha=0.05,135,5.583082824659361e-05,7.979700384697487e-07,1.2096064873034617e-05,5.583082824659361e-05,0.00011044732756331455,0.0002069502157307083,0.0003674291994147355,0.0006182864289707386,0.0009862087494534562,0.0014911083898175121,0.002901196961052194,0.004541514523513869,0.005690779723590348,0.0056644582861577605,0.00443144491151171,0.002686647927290888,0.0012394111689500386
bravo    | p=0.7 | alpha=0.05,138,3.4088791094035335e-05,4.3283241736736795e-07,7.071251236712905e-06,3.4088791094035335e-05,6.879008935337505e-05,0.00013132261158665313,0.00023726059492044972,0.0004057883605148824,0.0006570814859724027,0.0010073593118984704,0.002007961758376045,0.0032048486762959157,0.004074727731287595,0.004094853082359194,0.0032175550952460562,0.0019485983104156022,0.0008927557111620381
bravo    | p=0.7 | alpha=0.05,140,4.819317545251733e-05,6.051739712812798e-07,9.977605403397025e-06,4.819317545251733e-05,9.722668698987243e-05,0.00018540745741728846,0.0003343355911984192,0.0005702496974713294,0.0009200880465244456,0.0014043376216215716,0.002767405637959401,0.004351232263442084,0.005429729024388171,0.00533445232662997,0.004080674395443092,0.002395087336621217,0.0010582388265670652
bravo    | p=0.7 | alpha=0.05,143,2.9436467714866752e-05,3.2834625685248966e-07,5.834792516137286e-06,2.9436467714866752e-05,6.057950665541548e-05,0.0001177000922613383,0.0002159814136692486,0.0003744226010958913,0.0006132981541550186,0.0009491674895418767,0.0019162585105064363,0.0030720406874335184,0.003889694890497956,0.0038581649242507413,0.0029642965473675943,0.0017379506228871703,0.0007626020386329806
bravo    | p=0.7 | alpha=0.05,145,4.1634001728776297e-05,4.592689586594422e-07,8.236440230930403e-06,4.1634001728776297e-05,8.56595002710451e-05,0.00016624783325279286,0.00030448495178033846,0.0005264057080534441,0.000859162099833112,0.0013238023637134506,0.002642185463605605,0.004172733315263614,0.005185366986620751,0.005028175119699713,0.003760948683669937,0.002136956861516634,0.0009042639218090739
bravo    | p=0.7 | alpha=0.05,148,2.5439899033631532e-05,2.4925388948469916e-07,4.81825751001065e-06,2.5439899033631532e-05,5.339367668626172e-05,0.00010558106736534712,0.00019678224075368077,0.00034578742062627417,0.0005729460936711549,0.000895148539471545,0.0018304258201640548,0.002947458616037549,0.0037164813191572863,0.003638453821629466,0.0027333842611136565,0.0015513895028529843,0.0006519450573361387
bravo    | p=0.7 | alpha=0.05,150,3.599714424542686e-05,3.4878129806659937e-07,6.804400933277379e-06,3.599714424542686e-05,7.553209161749235e-05,0.00014919643084958072,0.0002775425081203833,0.00048636518121410996,0.0008029938308127147,0.0012490225399285845,0.0025249620312677453,0.004005271916786333,0.004956578711727531,0.004743798669149663,0.0034693485153260285,0.001908271287286394,0.0007733143394603151
bravo    | p=0.7 | alpha=0.05,153,2.200403255615203e-05,1.8934372838579981e-07,3.981911641644872e-06,2.200403255615203e-05,4.7099878373448464e-05,9.479138830410184e-05,0.00017944684628689987,0.0003196264018045601,0.0005357315353611088,0.0008449730071408365,0.001750053105229838,0.002830554160795871,0.003554262737008839,0.003434379097842757,0.0025226951414511305,0.001386035000231857,0.0005577933582679358
bravo    | p=0.7 | alpha=0.05,155,3.114897087918782e-05,2.650555614554523e-07,5.6256901444899645e-06,3.114897087918782e-05,6.665794299979592e-05,0.00013400870988403198,0.00025320492785269895,0.00044976872158657095,0.0007511716986702493,0.0011795366565344272,0.0024151606801199443,0.003848087573726425,0.0047422476762084545,0.004479566013764714,0.003203185072194193,0.001705504759774995,0.0006618578671640523
bravo    | p=0.7 | alpha=0.05,158,1.9047680843913527e-05,1.4393109978560568e-07,3.2932594416187817e-06,1.9047680843913527e-05,4.158257166131678e-05,8.517674901100144e-05,0.00016378039912592288,0.00029570467585370377,0.0005013808938050492,0.000798328845510512,0.0016747391402466235,0.0027207836992742176,0.0034022329823218886,0.0032446709870483674,0.0023302883191174467,0.0012393478594538948,0.00047761800894289804
bravo    | p=0.7 | alpha=0.05,160,2.6975464527208266e-05,2.0156355455339406e-07,4.654693304477782e-06,2.6975464527208266e-05,5.8874950089811396e-05,0.0001204685294820771,0.00023119988699667822,0.0004162888398377125,0.0007033151957255364,0.0011149118272396864,0.0023122282980628005,0.003700439742844679,0.004541298549471161,0.004233829279370717,0.002960012670219129,0.0015255556177339576,0.0005669111723434534
bravo    | p=0.7 | alpha=0.05,163,1.6501635797883336e-05,1.0948261041622606e-07,2.7257441579305195e-06,1.6501635797883336e-05,3.674148046977542e-05,7.660105234521137e-05,0.00014960853018821657,0.00027380918169789026,0.0004696427856887244,0.0007549257836137375,0.0016041026745100397,0.0026176258056183955,0.003259625611944173,0.003068148380820386,0.002154405889548159,0.0011090983807697083,0.00040928438819335956
bravo    | p=0.7 | alpha=0.05,166,1.1641004473721948e-05,6.857273014443066e-08,1.8406568343514964e-06,1.1641004473721948e-05,2.644194653000573e-05,5.6170909629949854e-05,0.00011164653992243057,0.00020769481963759515,0.00036167096602978635,0.0005895218800138144,0.0012834288607157954,0.0021355266116743258,0.0026983752775065328,0.002564299919273249,0.001808473161055361,0.0009299559480396604,0.0003407875566049537
bravo    | p=0.7 | alpha=0.05,168,1.7217439887068582e-05,1.0028453203033575e-07,2.7169437076561215e-06,1.7217439887068582e-05,3.909915223215389e-05,8.29700892187686e-05,0.00016460035951125195,0.00030536816326841716,0.0005298567966676843,0.0008598482757835545,0.0018506227323947298,0.003033358905580768,0.003761596685157928,0.003494435197437466,0.002398998856721,0.0011954086257657081,0.0004223946389496182
bravo    | p=0.7 | alpha=0.05,171,1.0820376749178173e-05,5.5950791682702956e-08,1.6344171349860144e-06,1.0820376749178173e-05,2.5068103414245067e-05,5.420284589486332e-05,0.00010943327368593093,0.00020636519697241786,0.00036353342503845363,0.0005982209490624091,0.001319193866677526,0.00220484047796251,0.002774377192186987,0.002602127321747758,0.001794203527242242,0.0008930200548769516,0.00031334438184350713
bravo    | p=0.7 | alpha=0.05,173,1.5571611885434546e-05,7.961368179319818e-08,2.3473578248370977e-06,1.5571611885434546e-05,3.6067011406812187e-05,7.790194137781008e-05,0.00015698276076285897,0.00029522437885405286,0.0005182115963776161,0.0008489875300414116,0.0018508497247083384,0.003047260102618503,0.0037630879834378334,0.0034501609240766107,0.0023157089399507857,0.0011168604509275803,0.00037785664436370804
bravo    | p=0.7 | alpha=0.05,176,9.649750395758184e-06,4.379497337746474e-08,1.3923692475008948e-06,9.649750395758184e-06,2.2802371826624364e-05,5.018466127367356e-05,0.00010291973390819079,0.00019674257310613294,0.0003506155778130557,0.0005824834984979745,0.00130110213842479,0.002184325039330848,0.002737125520076029,0.002533660439662999,0.0017079736720358374,0.0008228007157795757,0.0002764228426010988
bravo    | p=0.7 | alpha=0.05,178,1.3797793518319203e-05,6.191472928752948e-08,1.9868664991460184e-06,1.3797793518319203e-05,3.259663520890455e-05,7.166425500933254e-05,0.00014669239505527923,0.00027965403647415443,0.0004965937155300965,0.000821354111232452,0.0018137594438140023,0.0029995249030846274,0.0036886876147237822,0.003337729663307836,0.002190165943641414,0.00102236348121668,0.00033116071952729587
bravo    | p=0.7 | alpha=0.05,181,8.512334186827097e-06,3.390334562096292e-08,1.1732335157376532e-06,8.512334186827097e-06,2.0516637729392503e-05,4.5961619421224954e-05,9.574811032383289e-05,0.0001855446765818432,0.0003345117635929281,0.0005610520217189795,0.0012694549322900793,0.00214073272375088,0.0026713276481424904,0.002440425742655811,0.001608339115855427,0.0007498939627752015,0.0002411997634490965
bravo    | p=0.7 | alpha=0.05,183,1.2141683188471e-05,4.781176509548756e-08,1.6700554329786466e-06,1.2141683188471e-05,2.9257506370500453e-05,6.547366022806122e-05,0.00013613814688043932,0.0002630949636839794,0.0004726318085192197,0.0007892077915757547,0.0017653289886083781,0.0029324783686914702,0.0035911779048807286,0.003206967636038655,0.0020572702199339456,0.0009294322936733555,0.0002882277230678311
bravo    | p=0.7 | alpha=0.05,186,7.475983145139313e-06,2.612697854281789e-08,9.84195022803602e-07,7.475983145139313e-06,1.8379266124964054e-05,4.1910540825965124e-05,8.868951347397107e-05,0.00017422686854526951,0.00031777017787073744,0.0005380818793333024,0.0012332597450153313,0.0020890121680974256,0.002595918680352981,0.002340498338076967,0.001507958121433616,0.0006804637486710455,0.00020953612878746674
bravo    | p=0.7 | alpha=0.05,188,1.0651535072351568e-05,3.6802801329362344e-08,1.399383437610979e-06,1.0651535072351568e-05,2.618030153089332e-05,5.9636378345857474e-05,0.0001259620064642419,0.0002467728946896656,0.00044848015249946386,0.0007560578428949441,0.0017130892522235265,0.002858429581582777,0.0034858639614328817,0.003072136671380362,0.0019266278500613076,0.0008423781351037866,0.0002500856149337506
bravo    | p=0.7 | alpha=0.05,191,6.551986361592172e-06,2.008917159102523e-08,8.238392160873844e-07,6.551986361592172e-06,1.643024068804013e-05,3.813755186604291e-05,8.198281638898631e-05,0.0001632661866547615,0.0003012551272179901,0.0005150120034048287,0.001195697232866349,0.0020344679873908335,0.0025175871635283913,0.0022401373548160885,0.0014109581836792098,0.0006161806369489738,0.0001816427158238707
bravo    | p=0.7 | alpha=0.05,193,9.329978186068854e-06,2.828155322422179e-08,1.1707313703884694e-06,9.329978186068854e-06,2.339138114235326e-05,5.423849257168652e-05,0.00011637452278586739,0.00023112502528725983,0.0004249454545779385,0.0007232568278160419,0.001660021981505263,0.002782285265938807,0.003378808355259615,0.0029387331684746026,0.001801638353985996,0.0007623324378303478,0.0002166550186750537
bravo    | p=0.7 | alpha=0.05,196,5.736024479683053e-06,1.5427988266490045e-08,6.88837269795786e-07,5.736024479683053e-06,1.4672421636286387e-05,3.466828064950618e-05,7.570599098858535e-05,0.0001528411216191888,0.0002853144027223163,0.0004924458271735411,0.001158152309410878,0.0019794316439469333,0.0024392473409565987,0.0021419676457469154,0.0013188656912965617,0.0005573876633846971,0.00015729046238635943
bravo    | p=0.7 | alpha=0.05,198,8.165991084054745e-06,2.1713335776549977e-08,9.786269194529714e-07,8.165991084054745e-06,2.0883616546790164e-05,4.9292451670084114e-05,0.00010743842300552947,0.0002163146102510249,0.00040236259902646024,0.0006913989355293289,0.0016075037368188207,0.0027063383243012564,0.003272812222265349,0.002809171331874514,0.001683547837070253,0.0006893732741103611,0.00018754288140968305
bravo    | p=0.7 | alpha=0.05,201,5.018968789364304e-06,1.184030956234953e-08,5.756199086760319e-07,5.018968789364304e-06,1.3095857679228948e-05,3.149879320279346e-05,6.987578518508971e-05,0.0001430142208003185,0.0002700928469112854,0.0004706563310587269,0.0011212956344027183,0.0019250505260503103,0.002362312093238108,0.002047176647515483,0.0012321987223515112,0.0005039472442258714,0.00013612699363729002
bravo    | p=0.7 | alpha=0.05,203,7.144524146073826e-06,1.6661992871053132e-08,8.176975406734257e-07,7.144524146073826e-06,1.863805031983497e-05,4.478225924530011e-05,9.915646366327231e-05,0.00020239064454739697,0.00038086653816697794,0.0006607540942163875,0.001556219320542905,0.0026317531500586167,0.0031692710009116566,0.0026845475312087595,0.001572706533707015,0.0006231800172942194,0.00016227830881590885
bravo    | p=0.7 | alpha=0.05,206,4.39051230563208e-06,9.08353561201348e-09,4.808743971916413e-07,4.39051230563208e-06,1.1686167326549151e-05,2.861339491474295e-05,6.448280844586869e-05,0.00013379658736741322,0.0002556432787175494,0.00044976479458185405,0.001085466365884822,0.0018719210196410313,0.0022874973526851175,0.0019562919201885224,0.0011510294957009577,0.0004555362566847647,0.00011778101117313535
bravo    | p=0.7 | alpha=0.05,208,6.249957607067207e-06,1.2782257834047981e-08,6.831043438133131e-07,6.249957607067207e-06,1.663195917362626e-05,4.068062348038144e-05,9.15051180045523e-05,0.00018934942030233694,0.000360497373578519,0.0006314359337274223,0.0015065153617682605,0.002559140566124788,0.003068892781527684,0.0025653229494840223,0.0014690533685620699,0.0005632806972860441,0.0001403949946955896
bravo    | p=0.7 | alpha=0.05,211,3.840542234378891e-06,6.967295690885852e-09,4.016831264825156e-07,3.840542234378891e-06,1.0427872479681364e-05,2.5991909651381173e-05,5.95060952128682e-05,0.00012517486633740107,0.0002419730930743124,0.0004298160399179489,0.0010508334849781465,0.0018203553856048,0.002215161158170596,0.0018695084440158462,0.0010752195380965403,0.00041176594937950126,0.0001019001645626832
bravo    | p=0.7 | alpha=0.05,213,5.467436763774305e-06,9.8046460362273e-09,5.706420478820823e-07,5.467436763774305e-06,1.4842193614306414e-05,3.695632898677241e-05,8.444934909303793e-05,0.00017716181286690276,0.00034124719897013706,0.0006034768776695813,0.001458558734005402,0.0024888155154198974,0.002972020159828837,0.00245162877675295,0.001372330540010077,0.0005091574322235964,0.00012146120885735701
bravo    | p=0.7 | alpha=0.05,216,3.35966845596921e-06,5.3436844770774696e-09,3.355378072767376e-07,3.35966845596921e-06,9.305820705987875e-06,2.3612948891921845e-05,5.491982567276168e-05,0.00011712388146470466,0.00022906625415586437,0.00041081409257837445,0.0010174725071445969,0.0017705087487455632,0.002145464886736265,0.0017868437376892885,0.0010045296674835726,0.00037223518632636965,8.816433635465141e-05
bravo    | p=0.7 | alpha=0.05,218,4.783368743042366e-06,7.520389761553587e-09,4.7671990804257763e-07,4.783368743042366e-06,1.324661768531936e-05,3.35776393126398e-05,7.794967179902083e-05,0.00016578657071031659,0.0003230831469399439,0.0005768652911637282,0.0014124152761768064,0.0024209252379413073,0.002878790183361179,0.0023434171861051755,0.0012821878585322231,0.00046029436057906344,0.00010508938244810206
bravo    | p=0.7 | alpha=0.05,221,2.9394017027481887e-06,4.098421640075987e-09,2.8030920289017585e-07,2.9394017027481887e-06,8.305793609247384e-06,2.145545078260298e-05,5.0696641073065866e-05,0.00010961302316864358,0.0002168945603142754,0.00039274057867055726,0.0009854052980265541,0.0017224451004953603,0.0020784569468469743,0.0017082178836887655,0.0009386754716507596,0.0003365550096370269,7.628893399550791e-05
bravo    | p=0.7 | alpha=0.05,223,4.185560007269997e-06,5.76844813438084e-09,3.9830136534743856e-07,4.185560007269997e-06,1.1824706665565593e-05,3.0513909570676845e-05,7.196570737796114e-05,0.00015517721265650912,0.00030595954701550734,0.0005515652537624852,0.0013680920150442397,0.0023555181410852286,0.002789220149980441,0.0022405416928938143,0.0011982367486824681,0.00041619974441190144,9.093719466075961e-05
bravo    | p=0.7 | alpha=0.05,226,2.572177912408389e-06,3.143493271892488e-09,2.3420283046929044e-07,2.572177912408389e-06,7.4147410525609245e-06,1.9499405206000512e-05,4.6809337807066796e-05,0.0001026096440383889,0.00020542375719732607,0.0003755648217818552,0.0009546221383260366,0.0016761739596204241,0.0020141191665887085,0.0016334974483834597,0.0008773566989456734,0.000304359776371716,6.602396148105643e-05
bravo    | p=0.7 | alpha=0.05,228,3.6631944616186403e-06,4.424913891617396e-09,3.3283296032168076e-07,3.6631944616186403e-06,1.0557748176208701e-05,2.7736330724918382e-05,6.645801067013882e-05,0.0001452857527323186,0.00028982465972570304,0.0005275276619151518,0.0013255611532305247,0.002292583036522907,0.0027032563621219433,0.0021428022746609885,0.001120079287774442,0.0003764156241209106,7.870508455023239e-05
bravo    | p=0.7 | alpha=0.05,231,2.2513144901798054e-06,2.411248468705309e-09,1.957128468147069e-07,2.2513144901798054e-06,6.620835695172868e-06,1.7726172463435547e-05,4.3231736116612395e-05,9.608091559307509e-05,0.0001946169882493685,0.0003592496390436154,0.000925094574285695,0.001631671796887435,0.0019523938165904497,0.0015625206942586252,0.0008202732455045271,0.000275311648637775,5.715136099777126e-05
bravo    | p=0.7 | alpha=0.05,234,1.5943422050977756e-06,1.5139635536117976e-09,1.3260796957577672e-07,1.5943422050977756e-06,4.7844154286240565e-06,1.3054507965525136e-05,3.2407255390851374e-05,7.322169768839054e-05,0.0001505978259721825,0.0002819315276448578,0.0007440036323332406,0.0013382836791463702,0.0016250213369507912,0.001313056508405676,0.0006922826051779809,0.00023205785958952684,4.782589903100616e-05
bravo    | p=0.7 | alpha=0.05,236,2.36955155561997e-06,2.223855500784385e-09,1.9666208663659403e-07,2.36955155561997e-06,7.1094065351449466e-06,1.937850292661336e-05,4.8016609920913365e-05,0.00010819589721224629,0.0002217382861768142,0.00041327760637895007,0.0010781534899193556,0.001910241817729058,0.002276090995788879,0.0017974921869036281,0.0009222832001696795,0.0002994813652080953,5.9489217765513676e-05
bravo    | p=0.7 | alpha=0.05,239,1.494955833891522e-06,1.2438029033827163e-09,1.1870571247218123e-07,1.494955833891522e-06,4.57692083017911e-06,1.2714412881388435e-05,3.2067685914481913e-05,7.346076528201041e-05,0.00015287114934410886,0.000288961790384004,0.0007725522274957828,0.0013959407725236965,0.0016879021462932323,0.0013458327052263996,0.0006935113327603483,0.00022490606015806986,4.435338025115004e-05
bravo    | p=0.7 | alpha=0.05,241,2.1616035941406874e-06,1.7774250704360364e-09,1.712699200235915e-07,2.1616035941406874e-06,6.61671883495977e-06,1.8362094151216525e-05,4.622575901929101e-05,0.00010560737995995427,0.00021898562218891854,0.00041210380832388947,0.0010891808844327975,0.0019385225054358655,0.00230004792494321,0.0017923684169973428,0.0008988320615229304,0.0002823631300972233,5.366877302009071e-05
bravo    | p=0.7 | alpha=0.05,244,1.3445556667975494e-06,9.800122201338517e-10,1.0191930236811594e-07,1.3445556667975494e-06,4.199817618637323e-06,1.1878253158489996e-05,3.0438305151337306e-05,7.069759882541481e-05,0.00014885762539242292,0.0002841058479643128,0.0007695367540056758,0.0013968074185841312,0.0016818385571005787,0.0013232489254224305,0.0006664322099074561,0.0002090849422474034,3.945352159241993e-05
bravo    | p=0.7 | alpha=0.05,246,1.9313468956216015e-06,1.3912030613892803e-09,1.4608146064377415e-07,1.9313468956216015e-06,6.031637927026456e-06,1.704179757515901e-05,4.3588791367218063e-05,0.00010096760409841831,0.00021183610937434175,0.0004025178174947525,0.001077801791193274,0.0019269694163800484,0.002276689117155238,0.0017506571298717987,0.000858016831438713,0.0002607555733389399,4.7421056820899344e-05
bravo    | p=0.7 | alpha=0.05,249,1.1957498940713022e-06,7.634184157306752e-10,8.652300521560785e-08,1.1957498940713022e-06,3.810724232186539e-06,1.0973290249118878e-05,2.8569876142460157e-05,6.728139992358512e-05,0.00014333853369095752,0.000276229781155496,0.0007580314287416091,0.0013821793780752283,0.0016572109266637027,0.0012865966785401914,0.0006332836068584181,0.00019220674813483983,3.470146487709415e-05
bravo    | p=0.55 | alpha=0.05,32,2.2152922489982654e-10,7.522862280840395e-12,5.97458394695766e-11,2.2152922489982654e-10,4.182970476723837e-10,7.801205950675005e-10,1.4376968430922053e-09,2.619361438366923e-09,4.7198616931141995e-09,8.414767369114186e-09,2.5944921994036243e-08,7.699083004274824e-08,2.2044242284882557e-07,6.103931469786462e-07,1.6378708774242167e-06,4.2669925847096105e-06,1.081139689502548e-05
bravo    | p=0.55 | alpha=0.05,34,1.7723933431404521e-09,5.954378749693319e-11,4.771168436813864e-10,1.7723933431404521e-09,3.3457614765186874e-09,6.2330839537673186e-09,1.146537949429772e-08,2.083258964061555e-08,3.7406561015965196e-08,6.640052421124605e-08,2.0244376337861179e-07,5.91977633664765e-07,1.6641812632408987e-06,4.50705331312628e-06,1.1780648898326184e-05,2.9765261833587554e-05,7.279284582738207e-05
bravo    | p=0.55 | alpha=0.05,36,7.754919067884089e-09,2.5773653822740305e-10,2.0836730801288588e-09,7.754919067884089e-09,1.4635015370834128e-08,2.7235292933776257e-08,5.0003115027298484e-08,9.061041654515217e-08,1.6212601682036923e-07,2.8654085609888035e-07,8.6385348770383e-07,2.4891587949050272e-06,6.87042705308091e-06,1.819907247981567e-05,4.633692997373018e-05,0.0001135429011135822,0.00026800990049984883
bravo    | p=0.55 | alpha=0.05,38,2.4596386758932757e-08,8.087057329357232e-10,6.5964605680912965e-09,2.4596386758932757e-08,4.640536850192653e-08,8.626562493173762e-08,1.580818479383301e-07,2.8568592131729853e-07,5.093694193051041e-07,8.963467697288773e-07,2.6720725149119418e-06,7.586993614188497e-06,2.056048193348821e-05,5.3268212612461564e-05,0.00013211209695920237,0.00031395074361457314,0.0007152485939388142
bravo    | p=0.55 | alpha=0.05,40,6.329015360312757e-08,2.0586094216841965e-09,1.69419277969286e-08,6.329015360312757e-08,1.19375172866803e-07,2.2167363923543857e-07,4.0544987776927294e-07,7.307508056892184e-07,1.2983212215184902e-06,2.2747513217303967e-06,6.70537011900875e-06,1.8760765233087962e-05,4.991639380601243e-05,0.0001264862171877238,0.00030556886238220063,0.0007042197281429862,0.0015484639911590534
bravo    | p=0.55 | alpha=0.05,42,1.4027730093846497e-07,4.513795870887049e-09,3.7480102558376727e-08,1.4027730093846497e-07,2.645124806862606e-07,4.906553154274641e-07,8.957322101148659e-07,1.6100343467591022e-06,2.850468184135972e-06,4.97251131418692e-06,1.4493699583613338e-05,3.995864124423429e-05,0.00010438283428668573,0.00025869623446280376,0.0006087548021218092,0.0013605534431373378,0.0028873453411339604
bravo    | p=0.55 | alpha=0.05,45,1.3845903828423444e-07,3.9633593107143034e-09,3.543673305410968e-08,1.3845903828423444e-07,2.6627249936987793e-07,5.031327956209224e-07,9.34534597054139e-07,1.7070751691621896e-06,3.0677938486754637e-06,5.4259037533357016e-06,1.620057674991745e-05,4.553880801411058e-05,0.00012071246233634082,0.0003020939111518201,0.000714197278641419,0.0015951385250894388,0.0033637472338236543
bravo    | p=0.55 | alpha=0.05,47,2.85692421238952e-07,8.089915188801481e-09,7.298161132723276e-08,2.85692421238952e-07,5.492704826896108e-07,1.0367502755699277e-06,1.9220576726800776e-06,3.5014593371997033e-06,6.270339572251212e-06,1.1041922061745263e-05,3.259991151079219e-05,9.029599437314574e-05,0.000234995901630471,0.0005751817319728366,0.0013245236300209096,0.002868823935585093,0.005838569137910713
bravo    | p=0.55 | alpha=0.05,49,5.042033174138607e-07,1.4123819637986701e-08,1.2855899230015563e-07,5.042033174138607e-07,9.691159250443068e-07,1.827237613808692e-06,3.3811656618092123e-06,6.142908675560776e-06,1.0961850093421675e-05,1.9219602829463763e-05,5.61083507970949e-05,0.00015313617368448187,0.0003912799367238699,0.0009366625438740758,0.002100927889282399,0.004412789861866989,0.008667345728277579
bravo    | p=0.55 | alpha=0.05,51,8.241408163731414e-07,2.283742865656551e-08,2.0973933560150046e-07,8.241408163731414e-07,1.5836306467990726e-06,2.9826644892436313e-06,5.508770298253935e-06,9.981291405269835e-06,1.774858522647392e-05,3.0983498464644315e-05,8.943816822050117e-05,0.00024052972196195126,0.0006033831140799769,0.001412652512886929,0.003086253962267848,0.006286162675026896,0.011915755566863643
bravo    | p=0.55 | alpha=0.05,53,1.275206452034029e-06,3.495615827472129e-08,3.239219215837449e-07,1.275206452034029e-06,2.449713926545009e-06,4.608895889110873e-06,8.496218329900115e-06,1.5352592499521666e-05,2.7203533097801458e-05,4.728217207188248e-05,0.00013495755537486272,0.00035763166244452357,0.0008807884412698135,0.0020167694807190976,0.004291566516593831,0.008476480999071567,0.01550627239295441
bravo    | p=0.55 | alpha=0.05,55,1.8882495510281893e-06,5.120331745758527e-08,4.787406151988876e-07,1.8882495510281893e-06,3.626407531952432e-06,6.815362603025926e-06,1.2539952977543932e-05,2.259828485875191e-05,3.990111494935589e-05,6.904969432673753e-05,0.0001948798243060979,0.000508857150295263,0.0012303803722936591,0.002755258461624763,0.005710579135557312,0.010937539110466183,0.01930901076355425
bravo    | p=0.55 | alpha=0.05,57,2.6948210151464568e-06,7.228734039972483e-08,6.819484143461132e-07,2.6948210151464568e-06,5.17403597852902e-06,9.713426232809647e-06,1.783845474709832e-05,3.205972837753874e-05,5.640722464450457e-05,9.71885968279271e-05,0.00027122127845193006,0.0006978150641286309,0.0016564881925019304,0.0036278174496487976,0.007323461481721334,0.01360158477952964,0.023172412276456462
bravo    | p=0.55 | alpha=0.05,59,3.726392741658199e-06,9.888095533512065e-08,9.412188336398653e-07,3.726392741658199e-06,7.152706381965436e-06,1.3413553749249012e-05,2.45870344947581e-05,4.40688095704296e-05,7.72628869009496e-05,0.00013254232677247462,0.0003657331747489068,0.0009271838368959727,0.002160801975979931,0.004628092290955861,0.00909957472097811,0.016387842262404608,0.0269424800758347
bravo    | p=0.55 | alpha=0.05,61,5.013551006323726e-06,1.316010239847225e-07,1.263942962351621e-06,5.013551006323726e-06,9.62076078341626e-06,1.802242129041494e-05,3.297255599358084e-05,5.893860711182123e-05,0.00010296830802137824,0.00017586910039878512,0.00047984239523226084,0.0011986223186684817,0.0027423899412389457,0.005744365165812422,0.011000290926904141,0.019209954526756386,0.030476768856854634
bravo    | p=0.55 | alpha=0.05,64,3.2816957709269954e-06,7.66080775690532e-08,7.924208176222943e-07,3.2816957709269954e-06,6.422840844757409e-06,1.225669756934898e-05,2.2815955360193243e-05,4.1447554195814814e-05,7.350312982453796e-05,0.00012728784735027042,0.00035576460112810715,0.0009060874207388339,0.002103607450700086,0.004449316615722694,0.008559666087986462,0.01493664066447185,0.02354465651342725
bravo    | p=0.55 | alpha=0.05,66,5.040553105877133e-06,1.16393996046691e-07,1.2148186645410884e-06,5.040553105877133e-06,9.86258786728961e-06,1.8800471903995413e-05,3.493108377648265e-05,6.328415526938135e-05,0.00011183204067936505,0.0001928188797238951,0.0005328725532108515,0.0013372424835186507,0.003047881652328024,0.006304437919875616,0.011812583297853535,0.019987214172669694,0.030402253179391152
bravo    | p=0.55 | alpha=0.05,68,6.790873719693473e-06,1.5511445206376508e-07,1.63355697217622e-06,6.790873719693473e-06,1.3283794428253289e-05,2.5294807448467513e-05,4.6908600638784314e-05,8.475349291893362e-05,0.00014924252334318612,0.0002561989297420014,0.0007000790787655697,0.0017310542884842015,0.003873366306011628,0.007835240402598132,0.014298180182650258,0.023458126576840616,0.034431315985655686
bravo    | p=0.55 | alpha=0.05,70,8.723906696665046e-06,1.9711057789493713e-07,2.094569043119591e-06,8.723906696665046e-06,1.7060480457818254e-05,3.2451267696063434e-05,6.006620922329317e-05,0.00010823234730084576,0.00018991319782538072,0.0003245940264422964,0.0008770094824719197,0.002136692276100209,0.004693603739548036,0.009284990803120032,0.01650193113476881,0.026251033647750992,0.03717972760308798
bravo    | p=0.55 | alpha=0.05,72,1.090478992771812e-05,2.437174460243405e-07,2.6132182160494526e-06,1.090478992771812e-05,2.13197082034503e-05,4.0509105592035435e-05,7.483906234830361e-05,0.0001344858023058709,0.0002351456641182885,0.0004001494517470094,0.0010690006134909604,0.00256617974668439,0.005533943005041501,0.0107057440184234,0.018530618786337095,0.02858212638539238,0.03906128533288048
bravo    | p=0.55 | alpha=0.05,74,1.3367100206635239e-05,2.9551191613243905e-07,3.197201064508149e-06,1.3367100206635239e-05,2.61267155345906e-05,4.958918998687966e-05,9.144068924877027e-05,0.00016387336138411218,0.00028551619176784047,0.00048374344514936677,0.0012777937723043595,0.0030223074182428836,0.006398320939024594,0.012104618941889642,0.020405107236714355,0.030516193675347705,0.04024085992692807
bravo    | p=0.55 | alpha=0.05,76,1.613205330882713e-05,3.5277191668644764e-07,3.851203188167837e-06,1.613205330882713e-05,3.152251607403928e-05,5.976593013452405e-05,0.00010999745073941855,0.00019659469046818758,0.0003413150065589883,0.0005757554517643232,0.001503736219812904,0.0035044155924049665,0.0072831518714382764,0.013474206738705306,0.022120786934245403,0.032075453790647745,0.040811944349686324
bravo    | p=0.55 | alpha=0.05,78,1.92142058356649e-05,4.156152155936553e-07,4.5782860987061045e-06,1.92142058356649e-05,3.753507013604551e-05,7.10886817046243e-05,0.00013058867822359792,0.00023276329995136638,0.0004026787371828871,0.0006762992764417241,0.0017464591539145921,0.004010197577147189,0.008181680451776665,0.014802017030762667,0.02366588683629485,0.03327129150675143,0.04084645843046712
bravo    | p=0.55 | alpha=0.05,80,2.262359649704442e-05,4.840535058471288e-07,5.380411694643491e-06,2.262359649704442e-05,4.418348404109422e-05,8.358982558281702e-05,0.0001532619262884342,0.00027243480901020854,0.0004696418140272926,0.0007853147503224407,0.002005151321602268,0.004536440331755133,0.009085765573874343,0.01607423314750345,0.025028312710698605,0.03411512500909118,0.04041054112194995
bravo    | p=0.55 | alpha=0.05,82,2.6366719028020065e-05,5.580185262779227e-07,6.258683519781367e-06,2.6366719028020065e-05,5.147992152044731e-05,9.728847107581877e-05,0.00017804004732728486,0.0003156202626691408,0.0005421611318366192,0.0009026125623944996,0.002278697301849998,0.005079403546741387,0.009986773979385265,0.017277468445748324,0.026198459024945477,0.034622110267856616,0.03956916261322961
bravo    | p=0.55 | alpha=0.05,85,1.5171329636825351e-05,2.854571801850796e-07,3.4488821193472756e-06,1.5171329636825351e-05,3.0212780719876458e-05,5.816677151397058e-05,0.00010831110002474608,0.000195140287783037,0.0003402712897707917,0.0005743848089130178,0.0014854821921418018,0.003376143364439988,0.006735590921584016,0.01176606372623961,0.017922659780431078,0.02366555484478439,0.02686989856344189
bravo    | p=0.55 | alpha=0.05,87,2.1166099420733006e-05,3.9391744842383557e-07,4.802464902397373e-06,2.1166099420733006e-05,4.2139852218663305e-05,8.104171210049076e-05,0.00015062013132278171,0.000270630319131361,0.00047023440318299267,0.0007902926093751296,0.00202084486529726,0.0045252399370364245,0.008862539485640893,0.01513887675314662,0.02245696899588314,0.02874865097608981,0.031492680018852054
bravo    | p=0.55 | alpha=0.05,89,2.5982565596068376e-05,4.782902741907482e-07,5.8840143908773735e-06,2.5982565596068376e-05,5.171532817613813e-05,9.934957950876552e-05,0.00018429625998880539,0.0003302394287280711,0.0005717758811202713,0.0009567411594875534,0.002418900688984873,0.0053367786825542175,0.010260159351046235,0.017138205531845967,0.024757338150784063,0.030726722814394623,0.03247460413812111
bravo    | p=0.55 | alpha=0.05,91,3.057084610909493e-05,5.56621756506329e-07,6.90982649898763e-06,3.057084610909493e-05,6.0831670271753466e-05,0.00011673670996557553,0.00021613926920128072,0.00038624651756636805,0.0006663767175274727,0.001110152824783804,0.0027751269083750147,0.006032451415396461,0.011384754679779565,0.018595440881232998,0.02615899697483134,0.03147554096948803,0.03209437717242777
bravo    | p=0.55 | alpha=0.05,93,3.5201022040090494e-05,6.33941615118853e-07,7.941135577263011e-06,3.5201022040090494e-05,7.00265190838925e-05,0.0001342366226994666,0.00024806909017092364,0.00044210107245741726,0.0007600366059038502,0.0012606397941134363,0.0031157712468164534,0.006673039393730579,0.012362464322513197,0.019744912067556908,0.027048345526510767,0.0315519711487773,0.031038663942271335
bravo    | p=0.55 | alpha=0.05,95,3.997817929361562e-05,7.121251735630356e-07,9.001557629558879e-06,3.997817929361562e-05,7.950880274204506e-05,0.00015224893829387696,0.0002808219062473406,0.0004991113369953341,0.0008550026324334726,0.0014119415681293488,0.0034503545292210074,0.007280585260091525,0.013240236988986385,0.02067802456057826,0.027584195728416916,0.03119418480507995,0.02960489868428774
bravo    | p=0.55 | alpha=0.05,97,4.494967246700211e-05,7.919490883848404e-07,1.010155347226634e-05,4.494967246700211e-05,8.937244192577146e-05,0.00017095156232026503,0.000314720131507992,0.0005578379201122091,0.0009522138583474547,0.0015655817886128399,0.0037826239971206965,0.007863891205829454,0.014038207270043498,0.021437979760548412,0.0278481143105538,0.03053025821406947,0.027952874089531596
bravo    | p=0.55 | alpha=0.05,99,5.0137785429062024e-05,8.737181335303261e-07,1.1245879528829465e-05,5.0137785429062024e-05,9.966142304034709e-05,0.0001904262148377415,0.00034990696735354176,0.000618518474835155,0.0010520465597487622,0.0017221359557954747,0.004113895267354272,0.008426294067470187,0.014765631762120613,0.02204849434296248,0.027889864741138796,0.02964123555259238,0.02618128613851217
bravo    | p=0.55 | alpha=0.05,101,5.555216246043025e-05,9.575042399620873e-07,1.2436425011085342e-05,5.555216246043025e-05,0.00011039456772499202,0.0002107062243811249,0.00038643574507719435,0.0006812295439974828,0.0011545983944191882,0.0018817150283725,0.0044443269682508495,0.008968622459142579,0.015426912329316674,0.022524563856550456,0.027744331713746247,0.028584671739996733,0.024356741850531098
bravo    | p=0.55 | alpha=0.05,104,3.0489455255716032e-05,4.6707620915118695e-07,6.536242649117692e-06,3.0489455255716032e-05,6.180170612838814e-05,0.00012017320523642358,0.00022426629749724628,0.00040180910596908544,0.0006913260646412633,0.0011424030150051568,0.0027641560562295725,0.005687396084633265,0.00992669228072192,0.014634206699391947,0.018106716835280298,0.01863809134303754,0.015775664361162317
bravo    | p=0.55 | alpha=0.05,106,4.103712869004246e-05,6.217771630241695e-07,8.780462160493388e-06,4.103712869004246e-05,8.315995026104048e-05,0.00016152982200785736,0.0003008736143266962,0.0005375966546368712,0.0009216693516599685,0.001516358429758609,0.003627522481332279,0.007353507582142427,0.012598505101269822,0.018160504136818422,0.021879665060783746,0.021832379771626338,0.017826484492819383
bravo    | p=0.55 | alpha=0.05,108,4.861554657669918e-05,7.285355508660591e-07,1.0381907405218736e-05,4.861554657669918e-05,9.84915192932785e-05,0.00019110341775820677,0.0003552830829043546,0.0006330867078552567,0.0010815250592469698,0.001771547671809154,0.004190096993593346,0.008368340100508496,0.014073228971312014,0.019835477782092076,0.02326979419255181,0.022508443071836543,0.017728871832842594
bravo    | p=0.55 | alpha=0.05,110,5.526541251185535e-05,8.191148949602506e-07,1.1779222459664632e-05,5.526541251185535e-05,0.00011193436587752733,0.0002169521681792161,0.0004025727928870782,0.0007153998065995022,0.0012178011582221092,0.001986009817706033,0.004644228482622715,0.009138121628080267,0.015084742334392824,0.020788473632608263,0.02374676455583886,0.02226607585993948,0.016917763517024537
bravo    | p=0.55 | alpha=0.05,112,6.157318940539594e-05,9.026033526133763e-07,1.309832456661026e-05,6.157318940539594e-05,0.00012467747394876344,0.00024139000860783332,0.000447068151713116,0.0007923067948828514,0.0013439233130293315,0.002182063903788714,0.0050449697689013365,0.009779740480184316,0.01584642835611348,0.021352447184600252,0.023749601279338818,0.021586175343087148,0.015820900003353514
bravo    | p=0.55 | alpha=0.05,114,6.777075363329186e-05,9.82561052895992e-07,1.4388879080130313e-05,6.777075363329186e-05,0.0001371907818203281,0.000265330258927833,0.0004904727741229492,0.0008668607139928621,0.001465154221629412,0.0023684460944535077,0.005413915654093008,0.010339581155522299,0.016444727179277578,0.021665576851252547,0.023463921613637154,0.02067254408549341,0.014614979976172289
bravo    | p=0.55 | alpha=0.05,116,7.396622904160777e-05,1.0606221628924405e-06,1.5673945624569548e-05,7.396622904160777e-05,0.00014969328505316744,0.00028919749911236764,0.0005335756518434711,0.0009404694802122296,0.0015839118482536335,0.002549162814628987,0.005761033401167819,0.010839564760593449,0.01692200426911526,0.021798090995555783,0.022986101948143448,0.019630276291499767,0.0133866562277888
bravo    | p=0.55 | alpha=0.05,118,8.021471475413153e-05,1.137599267339016e-06,1.6965191689536935e-05,8.021471475413153e-05,0.00016229646627057736,0.00031320699408085735,0.0005767743431847295,0.0010138377096234141,0.0017013998563753913,0.0027262054306384453,0.006091358969282654,0.011291273442286351,0.017301974673501655,0.021791200927701933,0.022373782043822673,0.018520898187398837,0.012182648832297272
bravo    | p=0.55 | alpha=0.05,120,8.65452907938106e-05,1.213905254534769e-06,1.8268702289926475e-05,8.65452907938106e-05,0.00017505906118830264,0.0003374713945529063,0.0006202747802488255,0.0010873264509803796,0.0018182304328906618,0.0029005873245252153,0.0064075545746069195,0.01170134039461963,0.017599393881226683,0.021671939964469995,0.02166517689491897,0.017383620623965354,0.011029262583580265
bravo    | p=0.55 | alpha=0.05,122,9.297297313502959e-05,1.2897401116684164e-06,1.958755211708652e-05,9.297297313502959e-05,0.00018801130326774991,0.0003620479760176423,0.0006641797359559401,0.0011611124721966916,0.0019347000634724787,0.0030728030056533413,0.0067110395506574955,0.012073827093728867,0.01782431949156769,0.021459686351650777,0.02088761584761776,0.01624486158384964,0.009941258964043725
bravo    | p=0.55 | alpha=0.05,125,4.957094754746743e-05,6.109871260605842e-07,9.99968708434809e-06,4.957094754746743e-05,0.00010225371995154396,0.00020061210120538977,0.00037449771300748894,0.0006654130660865902,0.001125558542308768,0.0018126427499194678,0.004055747544263321,0.007439793557952107,0.01114451233696425,0.013547002735461755,0.013244486449561907,0.010290272607291177,0.006254617704392707
bravo    | p=0.55 | alpha=0.05,127,6.527134357965956e-05,7.956418790961712e-07,1.314124486789907e-05,6.527134357965956e-05,0.000134605312906618,0.00026379788786594805,0.0004915148574174984,0.000870948031538539,0.0014679782915710186,0.0023536815077522953,0.005206594569689792,0.009409200422594815,0.013834208534256359,0.01644146597003152,0.01565039374318103,0.01178570937334894,0.006909326916453481
bravo    | p=0.55 | alpha=0.05,129,7.565411017018004e-05,9.12044214265411e-07,1.5202006215784673e-05,7.565411017018004e-05,0.000155976756465313,0.00030535139512847853,0.0005678559778759643,0.0010034754409229915,0.0016853268278390274,0.0026902667402920718,0.005883648672494442,0.010474950029547965,0.015116509580377385,0.017564571378671606,0.016278333459989806,0.01188154404796356,0.006718179085742042
bravo    | p=0.55 | alpha=0.05,131,8.418987128244496e-05,1.0037591863947118e-06,1.6884270592540477e-05,8.418987128244496e-05,0.00017353011932580054,0.0003393482472688837,0.0006298781236925355,0.001110037222450133,0.0018576517022915223,0.002952282135603226,0.006383406828767028,0.011195959055632084,0.015858254374195115,0.018015111903404244,0.016255181663802958,0.011499554798941738,0.006271204321298709
bravo    | p=0.55 | alpha=0.05,133,9.188909615325773e-05,1.0834728356452925e-06,1.839247500594774e-05,9.188909615325773e-05,0.00018935056988072488,0.00036988599888370917,0.0006852532316716473,0.0012043260949806864,0.0020082583097825327,0.0031775669903510552,0.006792515014519253,0.011736543511835071,0.016316437923283203,0.018121670309644556,0.015919535379849355,0.010915399046363105,0.005741076240285425
bravo    | p=0.55 | alpha=0.05,135,9.915873358863397e-05,1.1562917208216468e-06,1.9808909123092333e-05,9.915873358863397e-05,0.00020427780362511447,0.0003986142279422776,0.0007370686588509735,0.0012918510796243595,0.0021465253556761485,0.003381364216010557,0.007146065955802012,0.012163952952211154,0.016597683458293766,0.01802218197550392,0.015413868589680212,0.010243176987508939,0.005195946676521146
bravo    | p=0.55 | alpha=0.05,137,0.00010619410595606949,1.224664953951287e-06,2.1173031841281363e-05,0.00010619410595606949,0.00021871478743614906,0.00042632412877557105,0.0007868042083056531,0.0013752517334933072,0.00227694862451416,0.0035709943279069235,0.007461074090524371,0.012511357809306527,0.016755652283566836,0.017787052356103034,0.014810686768759,0.009539064378685782,0.004666643587652606
bravo    | p=0.55 | alpha=0.05,139,0.0001130995854276063,1.289900932077042e-06,2.2505898526049783e-05,0.0001130995854276063,0.00023287680126787347,0.000453438041272422,0.0008352490472289455,0.0014559352151739446,0.002401927567294661,0.0037503780377077067,0.007746799403049343,0.01279729131183902,0.016821148300415683,0.017457287439504036,0.014151736035460744,0.008833679082260145,0.004167751754268667
bravo    | p=0.55 | alpha=0.05,141,0.00011993486228267245,1.3527491947608932e-06,2.3819527695891053e-05,0.00011993486228267245,0.00024688692435267923,0.0004801971554689449,0.0008828533269904923,0.0015347041574729798,0.0025228342373177113,0.003921771437253078,0.008008709851700832,0.013033115112830404,0.01681369021773794,0.01705918850285222,0.013463186891967118,0.008144695308402153,0.003705859593197304
bravo    | p=0.55 | alpha=0.05,144,6.312988127307434e-05,6.324678364884245e-07,1.2003671728708725e-05,6.312988127307434e-05,0.00013256572268620254,0.00026270327625865883,0.0004914981510193936,0.0008684090938915523,0.0014492279734794765,0.0022843478608068533,0.004779230650822591,0.007930165114810896,0.010380649615544484,0.01063354157204872,0.00842889070271133,0.005093634041369879,0.002301673910109275
bravo    | p=0.55 | alpha=0.05,146,8.229469046694566e-05,8.153382557655699e-07,1.5617045289467685e-05,8.229469046694566e-05,0.0001727655695386929,0.0003419971795901593,0.0006386322108083864,0.0011252886624873153,0.0018712108209721304,0.0029364766556384996,0.006073708853812952,0.00992807952670715,0.012754993791531125,0.012773254055325771,0.009856944411143601,0.005772768944045901,0.0025155967473488015
bravo    | p=0.55 | alpha=0.05,148,9.441351769550354e-05,9.250404836287349e-07,1.7881699926618973e-05,9.441351769550354e-05,0.0001981566370205342,0.00039183645968210386,0.0007303057117088858,0.0012832993838938565,0.0021263392626629215,0.0033221091938994414,0.006793145693459771,0.010938720151135018,0.013792746359857536,0.013503167753085566,0.010144239289790365,0.005757575534658864,0.0024195232113904766
bravo    | p=0.55 | alpha=0.05,150,0.00010399940525174051,1.007664589017072e-06,1.9658605286310643e-05,0.00010399940525174051,0.00021821988300188913,0.00043104363969122484,0.000801848490530278,0.0014051583991374092,0.0023199307216140753,0.003608552956672207,0.007294871719398474,0.011571637304817478,0.014320059241049059,0.013705316090129543,0.010023300174728541,0.005513189534805131,0.0022341836571308743
bravo    | p=0.55 | alpha=0.05,152,0.0001123763471865873,1.0767544019255344e-06,2.120037949867175e-05,0.0001123763471865873,0.00023573678043358482,0.0004651411706580242,0.0008636280518116608,0.0015092768182816804,0.002482922461126887,0.0038450071901637104,0.0076843515094044326,0.012007793518475873,0.01458396133304133,0.01364503912979072,0.009714693742156057,0.0051782982332183695,0.002023584293507841
bravo    | p=0.55 | alpha=0.05,154,0.00012008329483444335,1.1378341525404849e-06,2.260985875971556e-05,0.00012008329483444335,0.00025183956522969086,0.0004963770741676883,0.000919865265584286,0.0016031534308975953,0.0026279266004535745,0.004051560898569698,0.008004899191141876,0.012322191461233003,0.01468787817658817,0.013434115902996334,0.009310882662022584,0.004809592531165089,0.0018123968850026644
bravo    | p=0.55 | alpha=0.05,156,0.00012738289877590715,1.1936036616393152e-06,2.3937156780673155e-05,0.00012738289877590715,0.00026708000554800216,0.0005258468294402669,0.0009726172630140742,0.001690445071616786,0.002761102028653762,0.00423804872012895,0.008277912052356584,0.012552384988562239,0.014684281432645047,0.013129530056626362,0.008858356643130755,0.0044342870189275395,0.0016112839744892135
bravo    | p=0.55 | alpha=0.05,158,0.0001344185839065695,1.245543772944075e-06,2.5209636752793425e-05,0.0001344185839065695,0.00028175939308684907,0.0005541485796269739,0.001023007479472803,0.001773150642145634,0.0028858226437571675,0.0044098791158280115,0.00851531760812545,0.012719701217366385,0.014603441612666714,0.012764207529729671,0.00838329660477342,0.004066608810000665,0.001424873884431007
bravo    | p=0.55 | alpha=0.05,160,0.00014127493959330476,1.2945340894560906e-06,2.644343628177879e-05,0.00014127493959330476,0.00029605541626281034,0.0005816350623781578,0.0010716986804877075,0.0018524511682750796,0.003004088656436285,0.004570277377245956,0.008724367752521478,0.012837424297414083,0.014464538531999915,0.012358935796752209,0.007901577835801286,0.0037142576573205395,0.0012548859897795691
bravo    | p=0.55 | alpha=0.05,162,0.00014800460671504648,1.3411281952917587e-06,2.764859923691549e-05,0.00014800460671504648,0.0003100786479810005,0.0006085257852980742,0.0011191036097022657,0.001929083959246817,0.003117155315414618,0.004721285118121364,0.008909776408272339,0.012914448516457787,0.014280632633731482,0.01192772156687742,0.007423296064412662,0.0033813438400881225,0.0011015450377180062
bravo    | p=0.55 | alpha=0.05,165,7.70220767913715e-05,6.197285743690107e-07,1.3773868190129076e-05,7.70220767913715e-05,0.00016461759522929184,0.00032916573185162186,0.0006160409589277024,0.0010793711273642062,0.001770672381954943,0.0027194530877300855,0.005257946838282747,0.007770829338715478,0.008718877961017646,0.007352124713045999,0.004595453692405055,0.0020907997586967803,0.0006763549484122511
bravo    | p=0.55 | alpha=0.05,167,9.954990915283105e-05,7.920631607000898e-07,1.7767332762399996e-05,9.954990915283105e-05,0.00021271216492957783,0.00042487538146429875,0.0007936457496092263,0.001386740710788401,0.0022667533060546467,0.003465927424434316,0.006624725565677687,0.009644534914545732,0.010619763670362032,0.008753753578169618,0.005326084388221467,0.002348095945579779,0.0007323952918376868
bravo    | p=0.55 | alpha=0.05,169,0.00011324028957314862,8.909443464557768e-07,2.01707784707897e-05,0.00011324028957314862,0.00024190387070115678,0.0004826615941822296,0.0008998656767757291,0.0015680255407187593,0.0025538951392695872,0.003887669372141068,0.0073459757392969624,0.010534704433422713,0.011383944320515055,0.009172656171667412,0.0054325258328986005,0.0023207429497601032,0.0006979377181201063
bravo    | p=0.55 | alpha=0.05,171,0.00012369984309343495,9.623818411635864e-07,2.1990282430229338e-05,0.00012369984309343495,0.0002641808523411867,0.0005265404703036694,0.0009797971666525033,0.0017026211016572313,0.002763174027333385,0.004187595846306909,0.00782230229896062,0.011050048348614137,0.011718389759424437,0.00922972717058518,0.005320877567618149,0.0022025188871286423,0.0006386481213077106
bravo    | p=0.55 | alpha=0.05,173,0.0001325816782137806,1.0199724826821469e-06,2.352257111055874e-05,0.0001325816782137806,0.00028307792116492164,0.000563594467079993,0.0010467435236870158,0.0018139612849967254,0.0029333095610442807,0.004425719509865176,0.008172620228271333,0.011372209853702775,0.011835278564476037,0.009111999035545623,0.005113173610946858,0.0020508397983478037,0.0005733483155668959
bravo    | p=0.55 | alpha=0.05,175,0.00014056285091564318,1.069301503458409e-06,2.488920954865496e-05,0.00014056285091564318,0.0003000428591751371,0.0005967248589947499,0.0011061562882934218,0.0019116555160919688,0.0030801972993777433,0.004626719755476085,0.008446098673521366,0.011576863366774626,0.011823631574902101,0.008898073845119652,0.004860154791156827,0.0018888166575202283,0.0005091126023570669
bravo    | p=0.55 | alpha=0.05,177,0.00014797596137789968,1.1131238074023405e-06,2.6149936318458476e-05,0.00014797596137789968,0.00031578690477604096,0.000627357179108244,0.0011607152632584817,0.00200043184278536,0.003211670904109641,0.004802789706701028,0.008667223126140485,0.011702083358511674,0.011728596118317386,0.008627734294417284,0.004586937540475296,0.001727248053955727,0.00044885743307571986
bravo    | p=0.55 | alpha=0.05,179,0.000155004592374587,1.1529687862048046e-06,2.7337739319054473e-05,0.000155004592374587,0.0003307026499008727,0.0006562784738029428,0.0012119008900766093,0.0020829056640882457,0.0033320738256013747,0.0049607144381320824,0.008849770486755509,0.011769578603136384,0.011576122644022586,0.008323675437898624,0.0043073277056587585,0.0015715407842767962,0.0003937326709609887
bravo    | p=0.55 | alpha=0.05,181,0.00016175860052007116,1.1897591408315456e-06,2.8472370703970715e-05,0.00016175860052007116,0.0003450250352878263,0.0006839598850930953,0.001260600159620864,0.002160646895517281,0.003444021917343232,0.005104601000328605,0.0090022045821735,0.011792902833854254,0.011382529487249174,0.007999959006821343,0.004029414924179698,0.0014244239167859813,0.00034405633333289354
bravo    | p=0.55 | alpha=0.05,184,8.38195310887077e-05,5.472668276640184e-07,1.4122108227289257e-05,8.38195310887077e-05,0.00018239460798930466,0.0003684175493674532,0.0006910439968896444,0.0012039417891177595,0.0019483127254931914,0.0029282293802053013,0.005290930939994339,0.007067238204441744,0.006921250463364292,0.004910907925438964,0.0024840960729139057,0.0008770457844451419,0.00021033641453335438
bravo    | p=0.55 | alpha=0.05,186,0.00010795864090181809,6.969728606757126e-07,1.815287596524135e-05,0.00010795864090181809,0.00023486374785675027,0.0004738874038972977,0.0008871750129581964,0.0015413939110909655,0.0024854449684757677,0.003718919124300742,0.0066426543493135525,0.00873975574511752,0.00839934457764845,0.005825231460460105,0.0028679582993055936,0.0009810599787129042,0.00022682397790886168
bravo    | p=0.55 | alpha=0.05,188,0.00012235273175391324,7.810425313612957e-07,2.053218040691459e-05,0.00012235273175391324,0.00026611172752418735,0.0005363568919059539,0.001002204640667912,0.001736460082853946,0.0027899216659642953,0.004155946513286763,0.007338219733604078,0.009510111149481302,0.008968905603594717,0.006079858429066991,0.002913405202960419,0.0009655752479687856,0.00021521529285932833
bravo    | p=0.55 | alpha=0.05,190,0.0001331475649239102,8.404169220598862e-07,2.229911593788873e-05,0.0001331475649239102,0.0002895178159447723,0.0005829021087306725,0.0010870918457395254,0.0018783572723021585,0.0030070555851087516,0.004459477281801334,0.007783922062524834,0.009936371801512961,0.009195724247574104,0.006092868980154144,0.0028416577392684607,0.0009124585775382427,0.00019605871703597873
bravo    | p=0.55 | alpha=0.05,192,0.00014216129192523574,8.872407068581418e-07,2.376120389019377e-05,0.00014216129192523574,0.00030904029142439255,0.0006215351964362272,0.0011569219645324678,0.0019935131567560146,0.0031799315321089767,0.004694874959073439,0.008100843296481832,0.010185709654734266,0.009250178847765092,0.005990506904297055,0.0027192599671853196,0.0008459445987287837,0.00017522388367914536
bravo    | p=0.55 | alpha=0.05,194,0.00015014208752445296,9.265291218664728e-07,2.5045046199310743e-05,0.00015014208752445296,0.00032630807875523696,0.0006555541130634843,0.0012179074116272063,0.002092820111858809,0.003326329959785409,0.004889163378935771,0.008339314368886146,0.010328097851119985,0.009203995467672086,0.005825900162255989,0.002573843515324714,0.0007757410559703898,0.00015489554267640831
bravo    | p=0.55 | alpha=0.05,196,0.0001574598017905494,9.607731105586456e-07,2.621326037266348e-05,0.0001574598017905494,0.00034212646162898606,0.0006865897132335061,0.0012731221266787359,0.0021816736642636943,0.003455073870387246,0.005055786455081,0.00852456108549637,0.010398918893221193,0.009093643811143727,0.005625918433292093,0.0024190185153696174,0.0007063353027152813,0.00013595531672657923
bravo    | p=0.55 | alpha=0.05,198,0.0001643202183912282,9.913674259684448e-07,2.730071010454675e-05,0.0001643202183912282,0.00035694352946424266,0.0007155497830956638,0.0013242785193270919,0.0022630839397565,0.0035710973331301134,0.005202288517617265,0.008670879735054787,0.01041844057704595,0.008940105473002889,0.005405833105653652,0.002262193581860639,0.0006399296037336047,0.00011873342465390387
bravo    | p=0.55 | alpha=0.05,200,0.00017084770865486042,1.0191621534643557e-06,2.832848458279756e-05,0.00017084770865486042,0.00037103012211972856,0.0007429832656620876,0.0013724131725491534,0.002338876657596829,0.0036774025830098524,0.005333281230947164,0.00878711982848803,0.010399362645669232,0.008756555374194881,0.005175036705433762,0.002107641034263801,0.0005775949990395798,0.0001033027996548893
bravo    | p=0.55 | alpha=0.05,202,0.00017712215825504965,1.0447093869986668e-06,2.9310145138289007e-05,0.00017712215825504965,0.0003845602243068062,0.0007692430041238151,0.0014181932867926331,0.0024102300070751054,0.003775935211486095,0.0054517709688390835,0.008879140184920396,0.010350204445153626,0.008551821545498486,0.004939631527352043,0.0019578911671462138,0.0005197964306966158,8.961117945672413e-05
bravo    | p=0.55 | alpha=0.05,205,9.122463243656108e-05,4.774799507979278e-07,1.444794737923371e-05,9.122463243656108e-05,0.00020207291076386377,0.00041188334584974656,0.0007728249503202583,0.0013350934593984475,0.002123541084170935,0.0031090945185248938,0.005188236343481407,0.006166617681392936,0.005169724946357298,0.0030145008117387897,0.0011998708792207004,0.00031812391316113494,5.444695036748449e-05
bravo    | p=0.55 | alpha=0.05,207,0.00011697724555088681,6.053669074630746e-07,1.8489356290051724e-05,0.00011697724555088681,0.000259054131163626,0.00052745731615759,0.0009877822479181161,0.0017017391009011458,0.002696959373800997,0.003931038458834345,0.006484447475684603,0.007591282175752317,0.0062447354916790425,0.0035588637182518003,0.001378582561685207,0.00035408032217426816,5.841250888170641e-05
bravo    | p=0.55 | alpha=0.05,209,0.00013199580250028992,6.753822615603902e-07,2.082123737910097e-05,0.00013199580250028992,0.00029224182079846397,0.0005943874553021537,0.00111099008667555,0.0019087220027363212,0.0030140877254847473,0.004373686049875767,0.007131666980785771,0.008223284546526141,0.006637724127764601,0.0036971024505985527,0.0013937340709640708,0.00034677657003017955,5.514078973549705e-05
bravo    | p=0.55 | alpha=0.05,211,0.00014303209367849188,7.235911455793329e-07,2.251674281312686e-05,0.00014303209367849188,0.00031659846814440965,0.0006432300995789029,0.0011999778202445258,0.0020559187999865097,0.0032348213624727685,0.004673045889212448,0.007532153603100933,0.008554266045712924,0.006775292779199177,0.0036881702712929306,0.0013530725773119707,0.00032612594198027034,4.9982742855636715e-05
bravo    | p=0.55 | alpha=0.05,213,0.00015208760150009303,7.607146001189504e-07,2.3894127759968138e-05,0.00015208760150009303,0.0003365597292781814,0.0006830457395582633,0.0012718111164133012,0.0021729768825809034,0.0034066690159318155,0.004899332415955303,0.007806019054777912,0.008731718572640712,0.0067859857100489255,0.003610206756448164,0.00128892779223793,0.0003009406591757256,4.4454879745655974e-05
bravo    | p=0.55 | alpha=0.05,215,0.00015998761464004478,7.911894165231818e-07,2.5084686345746427e-05,0.00015998761464004478,0.0003539547001547714,0.0007175715574640701,0.0013335327137213317,0.0022721417456546197,0.0035492786674778897,0.005081635200242226,0.008003273653441353,0.008817420258521877,0.006723866934332797,0.00349598940828947,0.0012146403051346538,0.0002747145043325419,3.9112566987694514e-05
bravo    | p=0.55 | alpha=0.05,217,0.00016714104390914842,8.17224452506665e-07,2.6153511350516294e-05,0.00016714104390914842,0.00036968971518024817,0.000748659955426546,0.0013886357703114939,0.002359493902504557,0.0036724232947719405,0.005234458185693025,0.008149018463508744,0.008842603236097844,0.006616350830622453,0.003361994595278047,0.0011367117150134106,0.0002490344628207314,3.4172964757350374e-05
bravo    | p=0.55 | alpha=0.05,219,0.00017377605679491434,8.40059964345562e-07,2.713695146384717e-05,0.00017377605679491434,0.00038427054002611186,0.0007773450487049516,0.001439072005518055,0.002438435693398101,0.0037815838099158707,0.005365961373750022,0.008257496444341926,0.008825135975591229,0.006479135554724932,0.0032175007679056252,0.0010586256294405649,0.00022465718908202357,2.9711482227844445e-05
bravo    | p=0.55 | alpha=0.05,221,0.00018003106018713778,8.604544081431487e-07,2.8057077048282294e-05,0.00018003106018713778,0.00039800400448248814,0.0008042545112158224,0.001486027325956617,0.0025110384018437915,0.0038801067918696427,0.00548114759359912,0.008337532434444525,0.008776188207040066,0.006322012017215916,0.003068143265326818,0.0009823459769433005,0.00020193182535318136,2.5738418969187357e-05
bravo    | p=0.55 | alpha=0.05,224,9.260770102737373e-05,3.926608760135733e-07,1.3811659846931444e-05,9.260770102737373e-05,0.00020888676774453676,0.000430131390452925,0.0008088809098836092,0.001389414059070869,0.0021797967824753995,0.00312257604677677,0.004866799834894482,0.005223537634714832,0.0038178579356618917,0.0018704143974577296,0.0006013501932128997,0.000123438119376838,1.5618038377971576e-05
bravo    | p=0.55 | alpha=0.05,226,0.00011861650602532325,4.97234724874532e-07,1.765481713089933e-05,0.00011861650602532325,0.0002674875129444702,0.0005502048047492362,0.0010326981558468878,0.0017689635678517673,0.002765230555938339,0.003943503565266235,0.006075422488968249,0.0064222932574605285,0.004605685070010299,0.0022050809920241376,0.0006898755111437407,0.00013716525636813383,1.672556895886059e-05
bravo    | p=0.55 | alpha=0.05,228,0.00013366966411600782,5.539785325699272e-07,1.9855001187137356e-05,0.00013366966411600782,0.0003013601045113033,0.0006192087562218265,0.0011599822522313813,0.001981502942524614,0.0030862753646854267,0.004381659552717618,0.0066725918455550785,0.006947008290241292,0.004888182821962047,0.002287102305513087,0.0006962785253226148,0.00013409158053517026,1.5757603643767898e-05
bravo    | p=0.55 | alpha=0.05,230,0.00014463712036654424,5.92627172642199e-07,2.1440525751059744e-05,0.00014463712036654424,0.00032600716124224195,0.0006691272926278491,0.001251088090735068,0.0021312218621981852,0.0033074665174333026,0.00467467772799393,0.007036670007590866,0.007215347501186646,0.0049813704376922415,0.0022776681048990353,0.0006747357671119118,0.00012586092643638796,1.4253573285240462e-05
bravo    | p=0.55 | alpha=0.05,232,0.0001535590707878399,6.22038037358202e-07,2.2716916489370825e-05,0.0001535590707878399,0.00034603280883587336,0.0007094617125579879,0.0013239532677732796,0.00224910809748866,0.0034777897007505854,0.00489340307788883,0.0072808816742270755,0.0073528897029443,0.004980673180352421,0.0022255056423140366,0.0006415234380601756,0.00011590494430326578,1.2649438166574457e-05
bravo    | p=0.55 | alpha=0.05,234,0.00016127907952656238,6.458878769064072e-07,2.381057168106042e-05,0.00016127907952656238,0.0003633408472921866,0.0007441419661430349,0.0013860014825110717,0.0023479982768635447,0.003617564690693283,0.005067276778944561,0.00745251700353607,0.007412390028364721,0.004926325515735946,0.002151089166527408,0.0006033612670251254,0.0001055826747166335,1.1104286321337732e-05
bravo    | p=0.55 | alpha=0.05,236,0.0001682166420394901,6.660144346516868e-07,2.4784391734976267e-05,0.0001682166420394901,0.0003788780892049751,0.0007751232403978052,0.0014409287847440787,0.00243429107391283,0.0037369383503334966,0.0052110362235414705,0.007575402272266553,0.007420606345801268,0.004838776050421082,0.002064719602437573,0.0005635207684902806,9.550904616508045e-05,9.679735366808066e-06
bravo    | p=0.55 | alpha=0.05,238,0.00017460688764731711,6.834544783291873e-07,2.5673662844918432e-05,0.00017460688764731711,0.00039317527719909474,0.0008035020184171354,0.0014908098331817493,0.0025115836829667846,0.0038416281353364076,0.005333011402518029,0.007663113698254145,0.007392895435278861,0.004729752506540973,0.0019721948465354633,0.0005237489180483013,8.597468922268335e-05,8.396587866516709e-06
bravo    | p=0.55 | alpha=0.05,240,0.00018059320231492878,6.988454057304966e-07,2.6499925702211115e-05,0.00018059320231492878,0.000406556103707201,0.000829947393658459,0.001536912052433628,0.0025820778934077054,0.003935143762575032,0.005438335704293607,0.00772409858594187,0.007338881857578879,0.004606572454488592,0.0018770279792489784,0.00048502394253589044,7.71111338382243e-05,7.256961392038925e-06
bravo    | p=0.55 | alpha=0.05,242,0.00018626868113690346,7.12605220544377e-07,2.7277183746197894e-05,0.00018626868113690346,0.0004192307584510657,0.0008548941297892444,0.0015800601367366755,0.0026472098014933805,0.004019782615139327,0.005530385287849233,0.007763974680064149,0.007265009452279396,0.0044740906886978574,0.0017814541433071895,0.00044789975542117833,6.896594779833027e-05,6.254177217517406e-06
bravo    | p=0.55 | alpha=0.05,245,9.54357496643786e-05,3.237927356838684e-07,1.3372881098888245e-05,9.54357496643786e-05,0.00021916407824784526,0.00045544037385756783,0.0008567605738859944,0.0014591804100516008,0.002249723555101045,0.0031387800602756914,0.004515092423790379,0.004307992493044917,0.0026918007226127464,0.0010819170414374552,0.0002731323541943237,4.1992168888573666e-05,3.7796306931247638e-06
bravo    | p=0.55 | alpha=0.05,247,0.00012189813561945466,4.088539106851856e-07,1.704601331373536e-05,0.00012189813561945466,0.0002798667325274084,0.0005809568731301392,0.0010907761860508326,0.0018525937590615034,0.002845925600050582,0.0039527791333216,0.005620226525308145,0.005281157231399044,0.003237523724982748,0.0012715530985164725,0.000312333696942432,4.650536448068497e-05,4.033371710092257e-06
bravo    | p=0.55 | alpha=0.05,249,0.00013699700096046725,4.542502524546239e-07,1.9118258145945425e-05,0.00013699700096046725,0.00031445692373281443,0.0006520547277063002,0.0012219101321266966,0.002069561562819037,0.0031677013095702906,0.004379955478317739,0.006155514593824245,0.005696443751814284,0.0034260996902954178,0.0013148844861574044,0.0003142474203935763,4.531463720683714e-05,3.786867151609165e-06
