,,0.5,0.52,0.55,0.57,0.59,0.62,0.7
clip     | n_total=500 | alpha=0.672203125,0,0.0,0.0,0.0,0.0,0.0,0.0,0.0
clip     | n_total=500 | alpha=0.672203125,159,0.0,0.0,0.0,0.0,0.0,0.0,0.0
clip     | n_total=500 | alpha=0.672203125,160,0.0,0.0,0.0,0.0,0.0,0.0,0.0
clip     | n_total=500 | alpha=0.672203125,161,0.0,0.0,0.0,0.0,0.0,0.0,0.0
clip     | n_total=500 | alpha=0.672203125,162,0.0,0.0,0.0,0.0,0.0,0.0,0.0
clip     | n_total=500 | alpha=0.672203125,163,0.0,0.0,0.0,0.0,0.0,0.0,0.0
clip     | n_total=500 | alpha=0.672203125,164,0.0,0.0,0.0,0.0,0.0,0.0,0.0
clip     | n_total=500 | alpha=0.672203125,165,0.0,0.0,0.0,0.0,0.0,0.0,0.0
clip     | n_total=500 | alpha=0.672203125,166,0.0,0.0,0.0,0.0,0.0,0.0,0.0
clip     | n_total=500 | alpha=0.672203125,167,0.0,0.0,0.0,0.0,0.0,0.0,0.0
clip     | n_total=500 | alpha=0.672203125,168,0.0,0.0,0.0,0.0,0.0,0.0,0.0
clip     | n_total=500 | alpha=0.672203125,169,0.0,0.0,0.0,0.0,0.0,0.0,0.0
clip     | n_total=500 | alpha=0.672203125,170,0.0,0.0,0.0,0.0,0.0,0.0,0.0
clip     | n_total=500 | alpha=0.672203125,171,0.0,0.0,0.0,0.0,0.0,0.0,0.0
clip     | n_total=500 | alpha=0.672203125,172,0.0,0.0,0.0,0.0,0.0,0.0,0.0
clip     | n_total=500 | alpha=0.672203125,173,0.0,0.0,0.0,0.0,0.0,0.0,0.0
clip     | n_total=500 | alpha=0.672203125,174,0.0,0.0,0.0,0.0,0.0,0.0,0.0
clip     | n_total=500 | alpha=0.672203125,175,0.0,0.0,0.0,0.0,0.0,0.0,0.0
clip     | n_total=500 | alpha=0.672203125,176,0.0,0.0,0.0,0.0,0.0,0.0,0.0
clip     | n_total=500 | alpha=0.672203125,177,0.0,0.0,0.0,0.0,0.0,0.0,0.0
clip     | n_total=500 | alpha=0.672203125,178,0.0,0.0,0.0,0.0,0.0,0.0,0.0
clip     | n_total=500 | alpha=0.672203125,179,0.0,0.0,0.0,0.0,0.0,0.0,0.0
clip     | n_total=500 | alpha=0.672203125,180,0.0,0.0,0.0,0.0,0.0,0.0,0.0
clip     | n_total=500 | alpha=0.672203125,181,0.0,0.0,0.0,0.0,0.0,0.0,0.0
clip     | n_total=500 | alpha=0.672203125,182,0.0,0.0,0.0,0.0,0.0,0.0,0.0
clip     | n_total=500 | alpha=0.672203125,183,0.0,0.0,0.0,0.0,0.0,0.0,0.0
clip     | n_total=500 | alpha=0.672203125,184,0.0,0.0,0.0,0.0,0.0,0.0,0.0
clip     | n_total=500 | alpha=0.672203125,185,0.0,0.0,0.0,0.0,0.0,0.0,0.0
clip     | n_total=500 | alpha=0.672203125,158,0.0,0.0,0.0,0.0,0.0,0.0,0.0
clip     | n_total=500 | alpha=0.672203125,157,0.0,0.0,0.0,0.0,0.0,0.0,0.0
clip     | n_total=500 | alpha=0.672203125,156,0.0,0.0,0.0,0.0,0.0,0.0,0.0
clip     | n_total=500 | alpha=0.672203125,155,0.0,0.0,0.0,0.0,0.0,0.0,0.0
clip     | n_total=500 | alpha=0.672203125,127,0.0,0.0,0.0,0.0,0.0,0.0,0.0
clip     | n_total=500 | alpha=0.672203125,128,0.0,0.0,0.0,0.0,0.0,0.0,0.0
clip     | n_total=500 | alpha=0.672203125,129,0.0,0.0,0.0,0.0,0.0,0.0,0.0
clip     | n_total=500 | alpha=0.672203125,130,0.0,0.0,0.0,0.0,0.0,0.0,0.0
clip     | n_total=500 | alpha=0.672203125,131,0.0,0.0,0.0,0.0,0.0,0.0,0.0
clip     | n_total=500 | alpha=0.672203125,132,0.0,0.0,0.0,0.0,0.0,0.0,0.0
clip     | n_total=500 | alpha=0.672203125,133,0.0,0.0,0.0,0.0,0.0,0.0,0.0
clip     | n_total=500 | alpha=0.672203125,134,0.0,0.0,0.0,0.0,0.0,0.0,0.0
clip     | n_total=500 | alpha=0.672203125,135,0.0,0.0,0.0,0.0,0.0,0.0,0.0
clip     | n_total=500 | alpha=0.672203125,136,0.0,0.0,0.0,0.0,0.0,0.0,0.0
clip     | n_total=500 | alpha=0.672203125,137,0.0,0.0,0.0,0.0,0.0,0.0,0.0
clip     | n_total=500 | alpha=0.672203125,138,0.0,0.0,0.0,0.0,0.0,0.0,0.0
clip     | n_total=500 | alpha=0.672203125,139,0.0,0.0,0.0,0.0,0.0,0.0,0.0
clip     | n_total=500 | alpha=0.672203125,187,0.0,0.0,0.0,0.0,0.0,0.0,0.0
clip     | n_total=500 | alpha=0.672203125,140,0.0,0.0,0.0,0.0,0.0,0.0,0.0
clip     | n_total=500 | alpha=0.672203125,142,0.0,0.0,0.0,0.0,0.0,0.0,0.0
clip     | n_total=500 | alpha=0.672203125,143,0.0,0.0,0.0,0.0,0.0,0.0,0.0
clip     | n_total=500 | alpha=0.672203125,144,0.0,0.0,0.0,0.0,0.0,0.0,0.0
clip     | n_total=500 | alpha=0.672203125,145,0.0,0.0,0.0,0.0,0.0,0.0,0.0
clip     | n_total=500 | alpha=0.672203125,146,0.0,0.0,0.0,0.0,0.0,0.0,0.0
clip     | n_total=500 | alpha=0.672203125,147,0.0,0.0,0.0,0.0,0.0,0.0,0.0
clip     | n_total=500 | alpha=0.672203125,148,0.0,0.0,0.0,0.0,0.0,0.0,0.0
clip     | n_total=500 | alpha=0.672203125,149,0.0,0.0,0.0,0.0,0.0,0.0,0.0
clip     | n_total=500 | alpha=0.672203125,150,0.0,0.0,0.0,0.0,0.0,0.0,0.0
clip     | n_total=500 | alpha=0.672203125,151,0.0,0.0,0.0,0.0,0.0,0.0,0.0
clip     | n_total=500 | alpha=0.672203125,152,0.0,0.0,0.0,0.0,0.0,0.0,0.0
clip     | n_total=500 | alpha=0.672203125,153,0.0,0.0,0.0,0.0,0.0,0.0,0.0
clip     | n_total=500 | alpha=0.672203125,154,0.0,0.0,0.0,0.0,0.0,0.0,0.0
clip     | n_total=500 | alpha=0.672203125,141,0.0,0.0,0.0,0.0,0.0,0.0,0.0
clip     | n_total=500 | alpha=0.672203125,126,0.0,0.0,0.0,0.0,0.0,0.0,0.0
clip     | n_total=500 | alpha=0.672203125,188,0.0,0.0,0.0,0.0,0.0,0.0,0.0
clip     | n_total=500 | alpha=0.672203125,190,0.0,0.0,0.0,0.0,0.0,0.0,0.0
clip     | n_total=500 | alpha=0.672203125,223,0.0,0.0,0.0,0.0,0.0,0.0,0.0
clip     | n_total=500 | alpha=0.672203125,224,0.0,0.0,0.0,0.0,0.0,0.0,0.0
clip     | n_total=500 | alpha=0.672203125,225,0.0,0.0,0.0,0.0,0.0,0.0,0.0
clip     | n_total=500 | alpha=0.672203125,226,0.0,0.0,0.0,0.0,0.0,0.0,0.0
clip     | n_total=500 | alpha=0.672203125,227,0.0,0.0,0.0,0.0,0.0,0.0,0.0
clip     | n_total=500 | alpha=0.672203125,228,0.0,0.0,0.0,0.0,0.0,0.0,0.0
clip     | n_total=500 | alpha=0.672203125,229,0.0,0.0,0.0,0.0,0.0,0.0,0.0
clip     | n_total=500 | alpha=0.672203125,230,0.0,0.0,0.0,0.0,0.0,0.0,0.0
clip     | n_total=500 | alpha=0.672203125,231,0.0,0.0,0.0,0.0,0.0,0.0,0.0
clip     | n_total=500 | alpha=0.672203125,232,0.0,0.0,0.0,0.0,0.0,0.0,0.0
clip     | n_total=500 | alpha=0.672203125,233,0.0,0.0,0.0,0.0,0.0,0.0,0.0
clip     | n_total=500 | alpha=0.672203125,234,0.0,0.0,0.0,0.0,0.0,0.0,0.0
clip     | n_total=500 | alpha=0.672203125,235,0.0,0.0,0.0,0.0,0.0,0.0,0.0
clip     | n_total=500 | alpha=0.672203125,236,0.0,0.0,0.0,0.0,0.0,0.0,0.0
clip     | n_total=500 | alpha=0.672203125,237,0.0,0.0,0.0,0.0,0.0,0.0,0.0
clip     | n_total=500 | alpha=0.672203125,238,0.0,0.0,0.0,0.0,0.0,0.0,0.0
clip     | n_total=500 | alpha=0.672203125,239,0.0,0.0,0.0,0.0,0.0,0.0,0.0
clip     | n_total=500 | alpha=0.672203125,240,0.0,0.0,0.0,0.0,0.0,0.0,0.0
clip     | n_total=500 | alpha=0.672203125,241,0.0,0.0,0.0,0.0,0.0,0.0,0.0
clip     | n_total=500 | alpha=0.672203125,242,0.0,0.0,0.0,0.0,0.0,0.0,0.0
clip     | n_total=500 | alpha=0.672203125,243,0.0,0.0,0.0,0.0,0.0,0.0,0.0
clip     | n_total=500 | alpha=0.672203125,244,0.0,0.0,0.0,0.0,0.0,0.0,0.0
clip     | n_total=500 | alpha=0.672203125,245,0.0,0.0,0.0,0.0,0.0,0.0,0.0
clip     | n_total=500 | alpha=0.672203125,246,0.0,0.0,0.0,0.0,0.0,0.0,0.0
clip     | n_total=500 | alpha=0.672203125,247,0.0,0.0,0.0,0.0,0.0,0.0,0.0
clip     | n_total=500 | alpha=0.672203125,248,0.0,0.0,0.0,0.0,0.0,0.0,0.0
clip     | n_total=500 | alpha=0.672203125,249,0.0,0.0,0.0,0.0,0.0,0.0,0.0
clip     | n_total=500 | alpha=0.672203125,222,0.0,0.0,0.0,0.0,0.0,0.0,0.0
clip     | n_total=500 | alpha=0.672203125,221,0.0,0.0,0.0,0.0,0.0,0.0,0.0
clip     | n_total=500 | alpha=0.672203125,220,0.0,0.0,0.0,0.0,0.0,0.0,0.0
clip     | n_total=500 | alpha=0.672203125,219,0.0,0.0,0.0,0.0,0.0,0.0,0.0
clip     | n_total=500 | alpha=0.672203125,191,0.0,0.0,0.0,0.0,0.0,0.0,0.0
clip     | n_total=500 | alpha=0.672203125,192,0.0,0.0,0.0,0.0,0.0,0.0,0.0
clip     | n_total=500 | alpha=0.672203125,193,0.0,0.0,0.0,0.0,0.0,0.0,0.0
clip     | n_total=500 | alpha=0.672203125,194,0.0,0.0,0.0,0.0,0.0,0.0,0.0
clip     | n_total=500 | alpha=0.672203125,195,0.0,0.0,0.0,0.0,0.0,0.0,0.0
clip     | n_total=500 | alpha=0.672203125,196,0.0,0.0,0.0,0.0,0.0,0.0,0.0
clip     | n_total=500 | alpha=0.672203125,197,0.0,0.0,0.0,0.0,0.0,0.0,0.0
clip     | n_total=500 | alpha=0.672203125,198,0.0,0.0,0.0,0.0,0.0,0.0,0.0
clip     | n_total=500 | alpha=0.672203125,199,0.0,0.0,0.0,0.0,0.0,0.0,0.0
clip     | n_total=500 | alpha=0.672203125,200,0.0,0.0,0.0,0.0,0.0,0.0,0.0
clip     | n_total=500 | alpha=0.672203125,201,0.0,0.0,0.0,0.0,0.0,0.0,0.0
clip     | n_total=500 | alpha=0.672203125,202,0.0,0.0,0.0,0.0,0.0,0.0,0.0
clip     | n_total=500 | alpha=0.672203125,203,0.0,0.0,0.0,0.0,0.0,0.0,0.0
clip     | n_total=500 | alpha=0.672203125,189,0.0,0.0,0.0,0.0,0.0,0.0,0.0
clip     | n_total=500 | alpha=0.672203125,204,0.0,0.0,0.0,0.0,0.0,0.0,0.0
clip     | n_total=500 | alpha=0.672203125,206,0.0,0.0,0.0,0.0,0.0,0.0,0.0
clip     | n_total=500 | alpha=0.672203125,207,0.0,0.0,0.0,0.0,0.0,0.0,0.0
clip     | n_total=500 | alpha=0.672203125,208,0.0,0.0,0.0,0.0,0.0,0.0,0.0
clip     | n_total=500 | alpha=0.672203125,209,0.0,0.0,0.0,0.0,0.0,0.0,0.0
clip     | n_total=500 | alpha=0.672203125,210,0.0,0.0,0.0,0.0,0.0,0.0,0.0
clip     | n_total=500 | alpha=0.672203125,211,0.0,0.0,0.0,0.0,0.0,0.0,0.0
clip     | n_total=500 | alpha=0.672203125,212,0.0,0.0,0.0,0.0,0.0,0.0,0.0
clip     | n_total=500 | alpha=0.672203125,213,0.0,0.0,0.0,0.0,0.0,0.0,0.0
clip     | n_total=500 | alpha=0.672203125,214,0.0,0.0,0.0,0.0,0.0,0.0,0.0
clip     | n_total=500 | alpha=0.672203125,215,0.0,0.0,0.0,0.0,0.0,0.0,0.0
clip     | n_total=500 | alpha=0.672203125,216,0.0,0.0,0.0,0.0,0.0,0.0,0.0
clip     | n_total=500 | alpha=0.672203125,217,0.0,0.0,0.0,0.0,0.0,0.0,0.0
clip     | n_total=500 | alpha=0.672203125,218,0.0,0.0,0.0,0.0,0.0,0.0,0.0
clip     | n_total=500 | alpha=0.672203125,205,0.0,0.0,0.0,0.0,0.0,0.0,0.0
clip     | n_total=500 | alpha=0.672203125,125,0.0,0.0,0.0,0.0,0.0,0.0,0.0
clip     | n_total=500 | alpha=0.672203125,186,0.0,0.0,0.0,0.0,0.0,0.0,0.0
clip     | n_total=500 | alpha=0.672203125,123,0.0,0.0,0.0,0.0,0.0,0.0,0.0
clip     | n_total=500 | alpha=0.672203125,33,0.0,0.0,0.0,0.0,0.0,0.0,0.0
clip     | n_total=500 | alpha=0.672203125,34,0.0,0.0,0.0,0.0,0.0,0.0,0.0
clip     | n_total=500 | alpha=0.672203125,35,0.0,0.0,0.0,0.0,0.0,0.0,0.0
clip     | n_total=500 | alpha=0.672203125,36,0.0,0.0,0.0,0.0,0.0,0.0,0.0
clip     | n_total=500 | alpha=0.672203125,37,0.0,0.0,0.0,0.0,0.0,0.0,0.0
clip     | n_total=500 | alpha=0.672203125,38,0.0,0.0,0.0,0.0,0.0,0.0,0.0
clip     | n_total=500 | alpha=0.672203125,39,0.0,0.0,0.0,0.0,0.0,0.0,0.0
clip     | n_total=500 | alpha=0.672203125,40,0.0,0.0,0.0,0.0,0.0,0.0,0.0
clip     | n_total=500 | alpha=0.672203125,41,0.0,0.0,0.0,0.0,0.0,0.0,0.0
clip     | n_total=500 | alpha=0.672203125,42,0.0,0.0,0.0,0.0,0.0,0.0,0.0
clip     | n_total=500 | alpha=0.672203125,43,0.0,0.0,0.0,0.0,0.0,0.0,0.0
clip     | n_total=500 | alpha=0.672203125,44,0.0,0.0,0.0,0.0,0.0,0.0,0.0
clip     | n_total=500 | alpha=0.672203125,45,0.0,0.0,0.0,0.0,0.0,0.0,0.0
clip     | n_total=500 | alpha=0.672203125,46,0.0,0.0,0.0,0.0,0.0,0.0,0.0
clip     | n_total=500 | alpha=0.672203125,47,0.0,0.0,0.0,0.0,0.0,0.0,0.0
clip     | n_total=500 | alpha=0.672203125,48,0.0,0.0,0.0,0.0,0.0,0.0,0.0
clip     | n_total=500 | alpha=0.672203125,49,0.0,0.0,0.0,0.0,0.0,0.0,0.0
clip     | n_total=500 | alpha=0.672203125,50,0.0,0.0,0.0,0.0,0.0,0.0,0.0
clip     | n_total=500 | alpha=0.672203125,51,0.0,0.0,0.0,0.0,0.0,0.0,0.0
clip     | n_total=500 | alpha=0.672203125,52,0.0,0.0,0.0,0.0,0.0,0.0,0.0
clip     | n_total=500 | alpha=0.672203125,53,0.0,0.0,0.0,0.0,0.0,0.0,0.0
clip     | n_total=500 | alpha=0.672203125,54,0.0,0.0,0.0,0.0,0.0,0.0,0.0
clip     | n_total=500 | alpha=0.672203125,55,0.0,0.0,0.0,0.0,0.0,0.0,0.0
clip     | n_total=500 | alpha=0.672203125,56,0.0,0.0,0.0,0.0,0.0,0.0,0.0
clip     | n_total=500 | alpha=0.672203125,57,0.0,0.0,0.0,0.0,0.0,0.0,0.0
clip     | n_total=500 | alpha=0.672203125,58,0.0,0.0,0.0,0.0,0.0,0.0,0.0
clip     | n_total=500 | alpha=0.672203125,59,0.0,0.0,0.0,0.0,0.0,0.0,0.0
clip     | n_total=500 | alpha=0.672203125,32,0.0,0.0,0.0,0.0,0.0,0.0,0.0
clip     | n_total=500 | alpha=0.672203125,31,0.0,0.0,0.0,0.0,0.0,0.0,0.0
clip     | n_total=500 | alpha=0.672203125,30,0.0,0.0,0.0,0.0,0.0,0.0,0.0
clip     | n_total=500 | alpha=0.672203125,29,0.0,0.0,0.0,0.0,0.0,0.0,0.0
clip     | n_total=500 | alpha=0.672203125,124,0.0,0.0,0.0,0.0,0.0,0.0,0.0
clip     | n_total=500 | alpha=0.672203125,2,0.0,0.0,0.0,0.0,0.0,0.0,0.0
clip     | n_total=500 | alpha=0.672203125,3,0.0,0.0,0.0,0.0,0.0,0.0,0.0
clip     | n_total=500 | alpha=0.672203125,4,0.0,0.0,0.0,0.0,0.0,0.0,0.0
clip     | n_total=500 | alpha=0.672203125,5,0.0,0.0,0.0,0.0,0.0,0.0,0.0
clip     | n_total=500 | alpha=0.672203125,6,0.0,0.0,0.0,0.0,0.0,0.0,0.0
clip     | n_total=500 | alpha=0.672203125,7,0.0,0.0,0.0,0.0,0.0,0.0,0.0
clip     | n_total=500 | alpha=0.672203125,8,0.0,0.0,0.0,0.0,0.0,0.0,0.0
clip     | n_total=500 | alpha=0.672203125,9,0.0,0.0,0.0,0.0,0.0,0.0,0.0
clip     | n_total=500 | alpha=0.672203125,10,0.0,0.0,0.0,0.0,0.0,0.0,0.0
clip     | n_total=500 | alpha=0.672203125,11,0.0,0.0,0.0,0.0,0.0,0.0,0.0
clip     | n_total=500 | alpha=0.672203125,12,0.0,0.0,0.0,0.0,0.0,0.0,0.0
clip     | n_total=500 | alpha=0.672203125,13,0.0,0.0,0.0,0.0,0.0,0.0,0.0
clip     | n_total=500 | alpha=0.672203125,60,0.0,0.0,0.0,0.0,0.0,0.0,0.0
clip     | n_total=500 | alpha=0.672203125,14,0.0,0.0,0.0,0.0,0.0,0.0,0.0
clip     | n_total=500 | alpha=0.672203125,16,0.0,0.0,0.0,0.0,0.0,0.0,0.0
clip     | n_total=500 | alpha=0.672203125,17,0.0,0.0,0.0,0.0,0.0,0.0,0.0
clip     | n_total=500 | alpha=0.672203125,18,0.0,0.0,0.0,0.0,0.0,0.0,0.0
clip     | n_total=500 | alpha=0.672203125,19,0.0,0.0,0.0,0.0,0.0,0.0,0.0
clip     | n_total=500 | alpha=0.672203125,20,0.0,0.0,0.0,0.0,0.0,0.0,0.0
clip     | n_total=500 | alpha=0.672203125,21,0.0,0.0,0.0,0.0,0.0,0.0,0.0
clip     | n_total=500 | alpha=0.672203125,22,0.0,0.0,0.0,0.0,0.0,0.0,0.0
clip     | n_total=500 | alpha=0.672203125,23,0.0,0.0,0.0,0.0,0.0,0.0,0.0
clip     | n_total=500 | alpha=0.672203125,24,0.0,0.0,0.0,0.0,0.0,0.0,0.0
clip     | n_total=500 | alpha=0.672203125,25,0.0,0.0,0.0,0.0,0.0,0.0,0.0
clip     | n_total=500 | alpha=0.672203125,26,0.0,0.0,0.0,0.0,0.0,0.0,0.0
clip     | n_total=500 | alpha=0.672203125,27,0.0,0.0,0.0,0.0,0.0,0.0,0.0
clip     | n_total=500 | alpha=0.672203125,28,0.0,0.0,0.0,0.0,0.0,0.0,0.0
clip     | n_total=500 | alpha=0.672203125,15,0.0,0.0,0.0,0.0,0.0,0.0,0.0
clip     | n_total=500 | alpha=0.672203125,61,0.0,0.0,0.0,0.0,0.0,0.0,0.0
clip     | n_total=500 | alpha=0.672203125,1,0.0,0.0,0.0,0.0,0.0,0.0,0.0
clip     | n_total=500 | alpha=0.672203125,63,0.0,0.0,0.0,0.0,0.0,0.0,0.0
clip     | n_total=500 | alpha=0.672203125,95,0.0,0.0,0.0,0.0,0.0,0.0,0.0
clip     | n_total=500 | alpha=0.672203125,96,0.0,0.0,0.0,0.0,0.0,0.0,0.0
clip     | n_total=500 | alpha=0.672203125,97,0.0,0.0,0.0,0.0,0.0,0.0,0.0
clip     | n_total=500 | alpha=0.672203125,98,0.0,0.0,0.0,0.0,0.0,0.0,0.0
clip     | n_total=500 | alpha=0.672203125,99,0.0,0.0,0.0,0.0,0.0,0.0,0.0
clip     | n_total=500 | alpha=0.672203125,100,0.0,0.0,0.0,0.0,0.0,0.0,0.0
clip     | n_total=500 | alpha=0.672203125,101,0.0,0.0,0.0,0.0,0.0,0.0,0.0
clip     | n_total=500 | alpha=0.672203125,102,0.0,0.0,0.0,0.0,0.0,0.0,0.0
clip     | n_total=500 | alpha=0.672203125,103,0.0,0.0,0.0,0.0,0.0,0.0,0.0
clip     | n_total=500 | alpha=0.672203125,104,0.0,0.0,0.0,0.0,0.0,0.0,0.0
clip     | n_total=500 | alpha=0.672203125,105,0.0,0.0,0.0,0.0,0.0,0.0,0.0
clip     | n_total=500 | alpha=0.672203125,106,0.0,0.0,0.0,0.0,0.0,0.0,0.0
clip     | n_total=500 | alpha=0.672203125,107,0.0,0.0,0.0,0.0,0.0,0.0,0.0
clip     | n_total=500 | alpha=0.672203125,94,0.0,0.0,0.0,0.0,0.0,0.0,0.0
clip     | n_total=500 | alpha=0.672203125,108,0.0,0.0,0.0,0.0,0.0,0.0,0.0
clip     | n_total=500 | alpha=0.672203125,110,0.0,0.0,0.0,0.0,0.0,0.0,0.0
clip     | n_total=500 | alpha=0.672203125,111,0.0,0.0,0.0,0.0,0.0,0.0,0.0
clip     | n_total=500 | alpha=0.672203125,112,0.0,0.0,0.0,0.0,0.0,0.0,0.0
clip     | n_total=500 | alpha=0.672203125,113,0.0,0.0,0.0,0.0,0.0,0.0,0.0
clip     | n_total=500 | alpha=0.672203125,114,0.0,0.0,0.0,0.0,0.0,0.0,0.0
clip     | n_total=500 | alpha=0.672203125,115,0.0,0.0,0.0,0.0,0.0,0.0,0.0
clip     | n_total=500 | alpha=0.672203125,116,0.0,0.0,0.0,0.0,0.0,0.0,0.0
clip     | n_total=500 | alpha=0.672203125,117,0.0,0.0,0.0,0.0,0.0,0.0,0.0
clip     | n_total=500 | alpha=0.672203125,118,0.0,0.0,0.0,0.0,0.0,0.0,0.0
clip     | n_total=500 | alpha=0.672203125,119,0.0,0.0,0.0,0.0,0.0,0.0,0.0
clip     | n_total=500 | alpha=0.672203125,120,0.0,0.0,0.0,0.0,0.0,0.0,0.0
clip     | n_total=500 | alpha=0.672203125,121,0.0,0.0,0.0,0.0,0.0,0.0,0.0
clip     | n_total=500 | alpha=0.672203125,62,0.0,0.0,0.0,0.0,0.0,0.0,0.0
clip     | n_total=500 | alpha=0.672203125,109,0.0,0.0,0.0,0.0,0.0,0.0,0.0
clip     | n_total=500 | alpha=0.672203125,93,0.0,0.0,0.0,0.0,0.0,0.0,0.0
clip     | n_total=500 | alpha=0.672203125,122,0.0,0.0,0.0,0.0,0.0,0.0,0.0
clip     | n_total=500 | alpha=0.672203125,91,0.0,0.0,0.0,0.0,0.0,0.0,0.0
clip     | n_total=500 | alpha=0.672203125,92,0.0,0.0,0.0,0.0,0.0,0.0,0.0
clip     | n_total=500 | alpha=0.672203125,64,0.0,0.0,0.0,0.0,0.0,0.0,0.0
clip     | n_total=500 | alpha=0.672203125,65,0.0,0.0,0.0,0.0,0.0,0.0,0.0
clip     | n_total=500 | alpha=0.672203125,66,0.0,0.0,0.0,0.0,0.0,0.0,0.0
clip     | n_total=500 | alpha=0.672203125,67,0.0,0.0,0.0,0.0,0.0,0.0,0.0
clip     | n_total=500 | alpha=0.672203125,68,0.0,0.0,0.0,0.0,0.0,0.0,0.0
clip     | n_total=500 | alpha=0.672203125,69,0.0,0.0,0.0,0.0,0.0,0.0,0.0
clip     | n_total=500 | alpha=0.672203125,70,0.0,0.0,0.0,0.0,0.0,0.0,0.0
clip     | n_total=500 | alpha=0.672203125,72,0.0,0.0,0.0,0.0,0.0,0.0,0.0
clip     | n_total=500 | alpha=0.672203125,73,0.0,0.0,0.0,0.0,0.0,0.0,0.0
clip     | n_total=500 | alpha=0.672203125,74,0.0,0.0,0.0,0.0,0.0,0.0,0.0
clip     | n_total=500 | alpha=0.672203125,75,0.0,0.0,0.0,0.0,0.0,0.0,0.0
clip     | n_total=500 | alpha=0.672203125,76,0.0,0.0,0.0,0.0,0.0,0.0,0.0
clip     | n_total=500 | alpha=0.672203125,71,0.0,0.0,0.0,0.0,0.0,0.0,0.0
clip     | n_total=500 | alpha=0.672203125,78,0.0,0.0,0.0,0.0,0.0,0.0,0.0
clip     | n_total=500 | alpha=0.672203125,77,0.0,0.0,0.0,0.0,0.0,0.0,0.0
clip     | n_total=500 | alpha=0.672203125,89,0.0,0.0,0.0,0.0,0.0,0.0,0.0
clip     | n_total=500 | alpha=0.672203125,88,0.0,0.0,0.0,0.0,0.0,0.0,0.0
clip     | n_total=500 | alpha=0.672203125,87,0.0,0.0,0.0,0.0,0.0,0.0,0.0
clip     | n_total=500 | alpha=0.672203125,85,0.0,0.0,0.0,0.0,0.0,0.0,0.0
clip     | n_total=500 | alpha=0.672203125,84,0.0,0.0,0.0,0.0,0.0,0.0,0.0
clip     | n_total=500 | alpha=0.672203125,86,0.0,0.0,0.0,0.0,0.0,0.0,0.0
clip     | n_total=500 | alpha=0.672203125,90,0.0,0.0,0.0,0.0,0.0,0.0,0.0
clip     | n_total=500 | alpha=0.672203125,82,0.0,0.0,0.0,0.0,0.0,0.0,0.0
clip     | n_total=500 | alpha=0.672203125,81,0.0,0.0,0.0,0.0,0.0,0.0,0.0
clip     | n_total=500 | alpha=0.672203125,80,0.0,0.0,0.0,0.0,0.0,0.0,0.0
clip     | n_total=500 | alpha=0.672203125,79,0.0,0.0,0.0,0.0,0.0,0.0,0.0
clip     | n_total=500 | alpha=0.672203125,83,0.0,0.0,0.0,0.0,0.0,0.0,0.0
clip     | n_total=500 | alpha=0.672203125,416,0.044570776510695055,0.21024258837674786,0.7051573661483975,0.9258549713699088,0.9910136404493467,0.9999241001008596,0.9999999999999991
clip     | n_total=500 | alpha=0.672203125,419,0.044570776510695055,0.21024258837674786,0.7051573661483975,0.9258549713699088,0.9910136404493467,0.9999241001008596,0.9999999999999991
clip     | n_total=500 | alpha=0.672203125,418,0.044570776510695055,0.21024258837674786,0.7051573661483975,0.9258549713699088,0.9910136404493467,0.9999241001008596,0.9999999999999991
clip     | n_total=500 | alpha=0.672203125,417,0.044570776510695055,0.21024258837674786,0.7051573661483975,0.9258549713699088,0.9910136404493467,0.9999241001008596,0.9999999999999991
clip     | n_total=500 | alpha=0.672203125,415,0.044570776510695055,0.21024258837674786,0.7051573661483975,0.9258549713699088,0.9910136404493467,0.9999241001008596,0.9999999999999991
clip     | n_total=500 | alpha=0.672203125,409,0.044570776510695055,0.21024258837674786,0.7051573661483975,0.9258549713699088,0.9910136404493467,0.9999241001008596,0.9999999999999991
clip     | n_total=500 | alpha=0.672203125,413,0.044570776510695055,0.21024258837674786,0.7051573661483975,0.9258549713699088,0.9910136404493467,0.9999241001008596,0.9999999999999991
clip     | n_total=500 | alpha=0.672203125,412,0.044570776510695055,0.21024258837674786,0.7051573661483975,0.9258549713699088,0.9910136404493467,0.9999241001008596,0.9999999999999991
clip     | n_total=500 | alpha=0.672203125,411,0.044570776510695055,0.21024258837674786,0.7051573661483975,0.9258549713699088,0.9910136404493467,0.9999241001008596,0.9999999999999991
clip     | n_total=500 | alpha=0.672203125,410,0.044570776510695055,0.21024258837674786,0.7051573661483975,0.9258549713699088,0.9910136404493467,0.9999241001008596,0.9999999999999991
clip     | n_total=500 | alpha=0.672203125,420,0.044570776510695055,0.21024258837674786,0.7051573661483975,0.9258549713699088,0.9910136404493467,0.9999241001008596,0.9999999999999991
clip     | n_total=500 | alpha=0.672203125,414,0.044570776510695055,0.21024258837674786,0.7051573661483975,0.9258549713699088,0.9910136404493467,0.9999241001008596,0.9999999999999991
clip     | n_total=500 | alpha=0.672203125,421,0.044570776510695055,0.21024258837674786,0.7051573661483975,0.9258549713699088,0.9910136404493467,0.9999241001008596,0.9999999999999991
clip     | n_total=500 | alpha=0.672203125,435,0.044570776510695055,0.21024258837674786,0.7051573661483975,0.9258549713699088,0.9910136404493467,0.9999241001008596,0.9999999999999991
clip     | n_total=500 | alpha=0.672203125,423,0.044570776510695055,0.21024258837674786,0.7051573661483975,0.9258549713699088,0.9910136404493467,0.9999241001008596,0.9999999999999991
clip     | n_total=500 | alpha=0.672203125,424,0.044570776510695055,0.21024258837674786,0.7051573661483975,0.9258549713699088,0.9910136404493467,0.9999241001008596,0.9999999999999991
clip     | n_total=500 | alpha=0.672203125,425,0.044570776510695055,0.21024258837674786,0.7051573661483975,0.9258549713699088,0.9910136404493467,0.9999241001008596,0.9999999999999991
clip     | n_total=500 | alpha=0.672203125,426,0.044570776510695055,0.21024258837674786,0.7051573661483975,0.9258549713699088,0.9910136404493467,0.9999241001008596,0.9999999999999991
clip     | n_total=500 | alpha=0.672203125,427,0.044570776510695055,0.21024258837674786,0.7051573661483975,0.9258549713699088,0.9910136404493467,0.9999241001008596,0.9999999999999991
clip     | n_total=500 | alpha=0.672203125,428,0.044570776510695055,0.21024258837674786,0.7051573661483975,0.9258549713699088,0.9910136404493467,0.9999241001008596,0.9999999999999991
clip     | n_total=500 | alpha=0.672203125,429,0.044570776510695055,0.21024258837674786,0.7051573661483975,0.9258549713699088,0.9910136404493467,0.9999241001008596,0.9999999999999991
clip     | n_total=500 | alpha=0.672203125,430,0.044570776510695055,0.21024258837674786,0.7051573661483975,0.9258549713699088,0.9910136404493467,0.9999241001008596,0.9999999999999991
clip     | n_total=500 | alpha=0.672203125,431,0.044570776510695055,0.21024258837674786,0.7051573661483975,0.9258549713699088,0.9910136404493467,0.9999241001008596,0.9999999999999991
clip     | n_total=500 | alpha=0.672203125,432,0.044570776510695055,0.21024258837674786,0.7051573661483975,0.9258549713699088,0.9910136404493467,0.9999241001008596,0.9999999999999991
clip     | n_total=500 | alpha=0.672203125,433,0.044570776510695055,0.21024258837674786,0.7051573661483975,0.9258549713699088,0.9910136404493467,0.9999241001008596,0.9999999999999991
clip     | n_total=500 | alpha=0.672203125,434,0.044570776510695055,0.21024258837674786,0.7051573661483975,0.9258549713699088,0.9910136404493467,0.9999241001008596,0.9999999999999991
clip     | n_total=500 | alpha=0.672203125,377,0.044570776510695055,0.21024258837674786,0.7051573661483975,0.9258549713699088,0.9910136404493467,0.9999241001008596,0.9999999999999991
clip     | n_total=500 | alpha=0.672203125,422,0.044570776510695055,0.21024258837674786,0.7051573661483975,0.9258549713699088,0.9910136404493467,0.9999241001008596,0.9999999999999991
clip     | n_total=500 | alpha=0.672203125,408,0.044570776510695055,0.21024258837674786,0.7051573661483975,0.9258549713699088,0.9910136404493467,0.9999241001008596,0.9999999999999991
clip     | n_total=500 | alpha=0.672203125,393,0.044570776510695055,0.21024258837674786,0.7051573661483975,0.9258549713699088,0.9910136404493467,0.9999241001008596,0.9999999999999991
clip     | n_total=500 | alpha=0.672203125,406,0.044570776510695055,0.21024258837674786,0.7051573661483975,0.9258549713699088,0.9910136404493467,0.9999241001008596,0.9999999999999991
clip     | n_total=500 | alpha=0.672203125,436,0.044570776510695055,0.21024258837674786,0.7051573661483975,0.9258549713699088,0.9910136404493467,0.9999241001008596,0.9999999999999991
clip     | n_total=500 | alpha=0.672203125,378,0.044570776510695055,0.21024258837674786,0.7051573661483975,0.9258549713699088,0.9910136404493467,0.9999241001008596,0.9999999999999991
clip     | n_total=500 | alpha=0.672203125,379,0.044570776510695055,0.21024258837674786,0.7051573661483975,0.9258549713699088,0.9910136404493467,0.9999241001008596,0.9999999999999991
clip     | n_total=500 | alpha=0.672203125,380,0.044570776510695055,0.21024258837674786,0.7051573661483975,0.9258549713699088,0.9910136404493467,0.9999241001008596,0.9999999999999991
clip     | n_total=500 | alpha=0.672203125,381,0.044570776510695055,0.21024258837674786,0.7051573661483975,0.9258549713699088,0.9910136404493467,0.9999241001008596,0.9999999999999991
clip     | n_total=500 | alpha=0.672203125,382,0.044570776510695055,0.21024258837674786,0.7051573661483975,0.9258549713699088,0.9910136404493467,0.9999241001008596,0.9999999999999991
clip     | n_total=500 | alpha=0.672203125,383,0.044570776510695055,0.21024258837674786,0.7051573661483975,0.9258549713699088,0.9910136404493467,0.9999241001008596,0.9999999999999991
clip     | n_total=500 | alpha=0.672203125,384,0.044570776510695055,0.21024258837674786,0.7051573661483975,0.9258549713699088,0.9910136404493467,0.9999241001008596,0.9999999999999991
clip     | n_total=500 | alpha=0.672203125,385,0.044570776510695055,0.21024258837674786,0.7051573661483975,0.9258549713699088,0.9910136404493467,0.9999241001008596,0.9999999999999991
clip     | n_total=500 | alpha=0.672203125,386,0.044570776510695055,0.21024258837674786,0.7051573661483975,0.9258549713699088,0.9910136404493467,0.9999241001008596,0.9999999999999991
clip     | n_total=500 | alpha=0.672203125,387,0.044570776510695055,0.21024258837674786,0.7051573661483975,0.9258549713699088,0.9910136404493467,0.9999241001008596,0.9999999999999991
clip     | n_total=500 | alpha=0.672203125,388,0.044570776510695055,0.21024258837674786,0.7051573661483975,0.9258549713699088,0.9910136404493467,0.9999241001008596,0.9999999999999991
clip     | n_total=500 | alpha=0.672203125,389,0.044570776510695055,0.21024258837674786,0.7051573661483975,0.9258549713699088,0.9910136404493467,0.9999241001008596,0.9999999999999991
clip     | n_total=500 | alpha=0.672203125,407,0.044570776510695055,0.21024258837674786,0.7051573661483975,0.9258549713699088,0.9910136404493467,0.9999241001008596,0.9999999999999991
clip     | n_total=500 | alpha=0.672203125,390,0.044570776510695055,0.21024258837674786,0.7051573661483975,0.9258549713699088,0.9910136404493467,0.9999241001008596,0.9999999999999991
clip     | n_total=500 | alpha=0.672203125,392,0.044570776510695055,0.21024258837674786,0.7051573661483975,0.9258549713699088,0.9910136404493467,0.9999241001008596,0.9999999999999991
clip     | n_total=500 | alpha=0.672203125,394,0.044570776510695055,0.21024258837674786,0.7051573661483975,0.9258549713699088,0.9910136404493467,0.9999241001008596,0.9999999999999991
clip     | n_total=500 | alpha=0.672203125,395,0.044570776510695055,0.21024258837674786,0.7051573661483975,0.9258549713699088,0.9910136404493467,0.9999241001008596,0.9999999999999991
clip     | n_total=500 | alpha=0.672203125,396,0.044570776510695055,0.21024258837674786,0.7051573661483975,0.9258549713699088,0.9910136404493467,0.9999241001008596,0.9999999999999991
clip     | n_total=500 | alpha=0.672203125,397,0.044570776510695055,0.21024258837674786,0.7051573661483975,0.9258549713699088,0.9910136404493467,0.9999241001008596,0.9999999999999991
clip     | n_total=500 | alpha=0.672203125,398,0.044570776510695055,0.21024258837674786,0.7051573661483975,0.9258549713699088,0.9910136404493467,0.9999241001008596,0.9999999999999991
clip     | n_total=500 | alpha=0.672203125,399,0.044570776510695055,0.21024258837674786,0.7051573661483975,0.9258549713699088,0.9910136404493467,0.9999241001008596,0.9999999999999991
clip     | n_total=500 | alpha=0.672203125,400,0.044570776510695055,0.21024258837674786,0.7051573661483975,0.9258549713699088,0.9910136404493467,0.9999241001008596,0.9999999999999991
clip     | n_total=500 | alpha=0.672203125,401,0.044570776510695055,0.21024258837674786,0.7051573661483975,0.9258549713699088,0.9910136404493467,0.9999241001008596,0.9999999999999991
clip     | n_total=500 | alpha=0.672203125,402,0.044570776510695055,0.21024258837674786,0.7051573661483975,0.9258549713699088,0.9910136404493467,0.9999241001008596,0.9999999999999991
clip     | n_total=500 | alpha=0.672203125,403,0.044570776510695055,0.21024258837674786,0.7051573661483975,0.9258549713699088,0.9910136404493467,0.9999241001008596,0.9999999999999991
clip     | n_total=500 | alpha=0.672203125,404,0.044570776510695055,0.21024258837674786,0.7051573661483975,0.9258549713699088,0.9910136404493467,0.9999241001008596,0.9999999999999991
clip     | n_total=500 | alpha=0.672203125,405,0.044570776510695055,0.21024258837674786,0.7051573661483975,0.9258549713699088,0.9910136404493467,0.9999241001008596,0.9999999999999991
clip     | n_total=500 | alpha=0.672203125,391,0.044570776510695055,0.21024258837674786,0.7051573661483975,0.9258549713699088,0.9910136404493467,0.9999241001008596,0.9999999999999991
clip     | n_total=500 | alpha=0.672203125,437,0.044570776510695055,0.21024258837674786,0.7051573661483975,0.9258549713699088,0.9910136404493467,0.9999241001008596,0.9999999999999991
clip     | n_total=500 | alpha=0.672203125,467,0.044570776510695055,0.21024258837674786,0.7051573661483975,0.9258549713699088,0.9910136404493467,0.9999241001008596,0.9999999999999991
clip     | n_total=500 | alpha=0.672203125,439,0.044570776510695055,0.21024258837674786,0.7051573661483975,0.9258549713699088,0.9910136404493467,0.9999241001008596,0.9999999999999991
clip     | n_total=500 | alpha=0.672203125,473,0.044570776510695055,0.21024258837674786,0.7051573661483975,0.9258549713699088,0.9910136404493467,0.9999241001008596,0.9999999999999991
clip     | n_total=500 | alpha=0.672203125,474,0.044570776510695055,0.21024258837674786,0.7051573661483975,0.9258549713699088,0.9910136404493467,0.9999241001008596,0.9999999999999991
clip     | n_total=500 | alpha=0.672203125,475,0.044570776510695055,0.21024258837674786,0.7051573661483975,0.9258549713699088,0.9910136404493467,0.9999241001008596,0.9999999999999991
clip     | n_total=500 | alpha=0.672203125,476,0.044570776510695055,0.21024258837674786,0.7051573661483975,0.9258549713699088,0.9910136404493467,0.9999241001008596,0.9999999999999991
clip     | n_total=500 | alpha=0.672203125,477,0.044570776510695055,0.21024258837674786,0.7051573661483975,0.9258549713699088,0.9910136404493467,0.9999241001008596,0.9999999999999991
clip     | n_total=500 | alpha=0.672203125,478,0.044570776510695055,0.21024258837674786,0.7051573661483975,0.9258549713699088,0.9910136404493467,0.9999241001008596,0.9999999999999991
clip     | n_total=500 | alpha=0.672203125,479,0.044570776510695055,0.21024258837674786,0.7051573661483975,0.9258549713699088,0.9910136404493467,0.9999241001008596,0.9999999999999991
clip     | n_total=500 | alpha=0.672203125,480,0.044570776510695055,0.21024258837674786,0.7051573661483975,0.9258549713699088,0.9910136404493467,0.9999241001008596,0.9999999999999991
clip     | n_total=500 | alpha=0.672203125,481,0.044570776510695055,0.21024258837674786,0.7051573661483975,0.9258549713699088,0.9910136404493467,0.9999241001008596,0.9999999999999991
clip     | n_total=500 | alpha=0.672203125,482,0.044570776510695055,0.21024258837674786,0.7051573661483975,0.9258549713699088,0.9910136404493467,0.9999241001008596,0.9999999999999991
clip     | n_total=500 | alpha=0.672203125,483,0.044570776510695055,0.21024258837674786,0.7051573661483975,0.9258549713699088,0.9910136404493467,0.9999241001008596,0.9999999999999991
clip     | n_total=500 | alpha=0.672203125,484,0.044570776510695055,0.21024258837674786,0.7051573661483975,0.9258549713699088,0.9910136404493467,0.9999241001008596,0.9999999999999991
clip     | n_total=500 | alpha=0.672203125,485,0.044570776510695055,0.21024258837674786,0.7051573661483975,0.9258549713699088,0.9910136404493467,0.9999241001008596,0.9999999999999991
clip     | n_total=500 | alpha=0.672203125,486,0.044570776510695055,0.21024258837674786,0.7051573661483975,0.9258549713699088,0.9910136404493467,0.9999241001008596,0.9999999999999991
clip     | n_total=500 | alpha=0.672203125,487,0.044570776510695055,0.21024258837674786,0.7051573661483975,0.9258549713699088,0.9910136404493467,0.9999241001008596,0.9999999999999991
clip     | n_total=500 | alpha=0.672203125,488,0.044570776510695055,0.21024258837674786,0.7051573661483975,0.9258549713699088,0.9910136404493467,0.9999241001008596,0.9999999999999991
clip     | n_total=500 | alpha=0.672203125,489,0.044570776510695055,0.21024258837674786,0.7051573661483975,0.9258549713699088,0.9910136404493467,0.9999241001008596,0.9999999999999991
clip     | n_total=500 | alpha=0.672203125,490,0.044570776510695055,0.21024258837674786,0.7051573661483975,0.9258549713699088,0.9910136404493467,0.9999241001008596,0.9999999999999991
clip     | n_total=500 | alpha=0.672203125,491,0.044570776510695055,0.21024258837674786,0.7051573661483975,0.9258549713699088,0.9910136404493467,0.9999241001008596,0.9999999999999991
clip     | n_total=500 | alpha=0.672203125,492,0.044570776510695055,0.21024258837674786,0.7051573661483975,0.9258549713699088,0.9910136404493467,0.9999241001008596,0.9999999999999991
clip     | n_total=500 | alpha=0.672203125,493,0.044570776510695055,0.21024258837674786,0.7051573661483975,0.9258549713699088,0.9910136404493467,0.9999241001008596,0.9999999999999991
clip     | n_total=500 | alpha=0.672203125,494,0.044570776510695055,0.21024258837674786,0.7051573661483975,0.9258549713699088,0.9910136404493467,0.9999241001008596,0.9999999999999991
clip     | n_total=500 | alpha=0.672203125,495,0.044570776510695055,0.21024258837674786,0.7051573661483975,0.9258549713699088,0.9910136404493467,0.9999241001008596,0.9999999999999991
clip     | n_total=500 | alpha=0.672203125,496,0.044570776510695055,0.21024258837674786,0.7051573661483975,0.9258549713699088,0.9910136404493467,0.9999241001008596,0.9999999999999991
clip     | n_total=500 | alpha=0.672203125,497,0.044570776510695055,0.21024258837674786,0.7051573661483975,0.9258549713699088,0.9910136404493467,0.9999241001008596,0.9999999999999991
clip     | n_total=500 | alpha=0.672203125,498,0.044570776510695055,0.21024258837674786,0.7051573661483975,0.9258549713699088,0.9910136404493467,0.9999241001008596,0.9999999999999991
clip     | n_total=500 | alpha=0.672203125,376,0.044570776510695055,0.21024258837674786,0.7051573661483975,0.9258549713699088,0.9910136404493467,0.9999241001008596,0.9999999999999991
clip     | n_total=500 | alpha=0.672203125,472,0.044570776510695055,0.21024258837674786,0.7051573661483975,0.9258549713699088,0.9910136404493467,0.9999241001008596,0.9999999999999991
clip     | n_total=500 | alpha=0.672203125,471,0.044570776510695055,0.21024258837674786,0.7051573661483975,0.9258549713699088,0.9910136404493467,0.9999241001008596,0.9999999999999991
clip     | n_total=500 | alpha=0.672203125,470,0.044570776510695055,0.21024258837674786,0.7051573661483975,0.9258549713699088,0.9910136404493467,0.9999241001008596,0.9999999999999991
clip     | n_total=500 | alpha=0.672203125,469,0.044570776510695055,0.21024258837674786,0.7051573661483975,0.9258549713699088,0.9910136404493467,0.9999241001008596,0.9999999999999991
clip     | n_total=500 | alpha=0.672203125,440,0.044570776510695055,0.21024258837674786,0.7051573661483975,0.9258549713699088,0.9910136404493467,0.9999241001008596,0.9999999999999991
clip     | n_total=500 | alpha=0.672203125,441,0.044570776510695055,0.21024258837674786,0.7051573661483975,0.9258549713699088,0.9910136404493467,0.9999241001008596,0.9999999999999991
clip     | n_total=500 | alpha=0.672203125,442,0.044570776510695055,0.21024258837674786,0.7051573661483975,0.9258549713699088,0.9910136404493467,0.9999241001008596,0.9999999999999991
clip     | n_total=500 | alpha=0.672203125,443,0.044570776510695055,0.21024258837674786,0.7051573661483975,0.9258549713699088,0.9910136404493467,0.9999241001008596,0.9999999999999991
clip     | n_total=500 | alpha=0.672203125,444,0.044570776510695055,0.21024258837674786,0.7051573661483975,0.9258549713699088,0.9910136404493467,0.9999241001008596,0.9999999999999991
clip     | n_total=500 | alpha=0.672203125,445,0.044570776510695055,0.21024258837674786,0.7051573661483975,0.9258549713699088,0.9910136404493467,0.9999241001008596,0.9999999999999991
clip     | n_total=500 | alpha=0.672203125,446,0.044570776510695055,0.21024258837674786,0.7051573661483975,0.9258549713699088,0.9910136404493467,0.9999241001008596,0.9999999999999991
clip     | n_total=500 | alpha=0.672203125,447,0.044570776510695055,0.21024258837674786,0.7051573661483975,0.9258549713699088,0.9910136404493467,0.9999241001008596,0.9999999999999991
clip     | n_total=500 | alpha=0.672203125,448,0.044570776510695055,0.21024258837674786,0.7051573661483975,0.9258549713699088,0.9910136404493467,0.9999241001008596,0.9999999999999991
clip     | n_total=500 | alpha=0.672203125,449,0.044570776510695055,0.21024258837674786,0.7051573661483975,0.9258549713699088,0.9910136404493467,0.9999241001008596,0.9999999999999991
clip     | n_total=500 | alpha=0.672203125,450,0.044570776510695055,0.21024258837674786,0.7051573661483975,0.9258549713699088,0.9910136404493467,0.9999241001008596,0.9999999999999991
clip     | n_total=500 | alpha=0.672203125,451,0.044570776510695055,0.21024258837674786,0.7051573661483975,0.9258549713699088,0.9910136404493467,0.9999241001008596,0.9999999999999991
clip     | n_total=500 | alpha=0.672203125,452,0.044570776510695055,0.21024258837674786,0.7051573661483975,0.9258549713699088,0.9910136404493467,0.9999241001008596,0.9999999999999991
clip     | n_total=500 | alpha=0.672203125,438,0.044570776510695055,0.21024258837674786,0.7051573661483975,0.9258549713699088,0.9910136404493467,0.9999241001008596,0.9999999999999991
clip     | n_total=500 | alpha=0.672203125,453,0.044570776510695055,0.21024258837674786,0.7051573661483975,0.9258549713699088,0.9910136404493467,0.9999241001008596,0.9999999999999991
clip     | n_total=500 | alpha=0.672203125,455,0.044570776510695055,0.21024258837674786,0.7051573661483975,0.9258549713699088,0.9910136404493467,0.9999241001008596,0.9999999999999991
clip     | n_total=500 | alpha=0.672203125,456,0.044570776510695055,0.21024258837674786,0.7051573661483975,0.9258549713699088,0.9910136404493467,0.9999241001008596,0.9999999999999991
clip     | n_total=500 | alpha=0.672203125,457,0.044570776510695055,0.21024258837674786,0.7051573661483975,0.9258549713699088,0.9910136404493467,0.9999241001008596,0.9999999999999991
clip     | n_total=500 | alpha=0.672203125,458,0.044570776510695055,0.21024258837674786,0.7051573661483975,0.9258549713699088,0.9910136404493467,0.9999241001008596,0.9999999999999991
clip     | n_total=500 | alpha=0.672203125,459,0.044570776510695055,0.21024258837674786,0.7051573661483975,0.9258549713699088,0.9910136404493467,0.9999241001008596,0.9999999999999991
clip     | n_total=500 | alpha=0.672203125,460,0.044570776510695055,0.21024258837674786,0.7051573661483975,0.9258549713699088,0.9910136404493467,0.9999241001008596,0.9999999999999991
clip     | n_total=500 | alpha=0.672203125,461,0.044570776510695055,0.21024258837674786,0.7051573661483975,0.9258549713699088,0.9910136404493467,0.9999241001008596,0.9999999999999991
clip     | n_total=500 | alpha=0.672203125,462,0.044570776510695055,0.21024258837674786,0.7051573661483975,0.9258549713699088,0.9910136404493467,0.9999241001008596,0.9999999999999991
clip     | n_total=500 | alpha=0.672203125,463,0.044570776510695055,0.21024258837674786,0.7051573661483975,0.9258549713699088,0.9910136404493467,0.9999241001008596,0.9999999999999991
clip     | n_total=500 | alpha=0.672203125,464,0.044570776510695055,0.21024258837674786,0.7051573661483975,0.9258549713699088,0.9910136404493467,0.9999241001008596,0.9999999999999991
clip     | n_total=500 | alpha=0.672203125,465,0.044570776510695055,0.21024258837674786,0.7051573661483975,0.9258549713699088,0.9910136404493467,0.9999241001008596,0.9999999999999991
clip     | n_total=500 | alpha=0.672203125,466,0.044570776510695055,0.21024258837674786,0.7051573661483975,0.9258549713699088,0.9910136404493467,0.9999241001008596,0.9999999999999991
clip     | n_total=500 | alpha=0.672203125,468,0.044570776510695055,0.21024258837674786,0.7051573661483975,0.9258549713699088,0.9910136404493467,0.9999241001008596,0.9999999999999991
clip     | n_total=500 | alpha=0.672203125,454,0.044570776510695055,0.21024258837674786,0.7051573661483975,0.9258549713699088,0.9910136404493467,0.9999241001008596,0.9999999999999991
clip     | n_total=500 | alpha=0.672203125,375,0.044570776510695055,0.21024258837674786,0.7051573661483975,0.9258549713699088,0.9910136404493467,0.9999241001008596,0.9999999999999991
clip     | n_total=500 | alpha=0.672203125,250,0.044570776510695055,0.21024258837674786,0.7051573661483975,0.9258549713699088,0.9910136404493467,0.9999241001008596,0.9999999999999991
clip     | n_total=500 | alpha=0.672203125,373,0.044570776510695055,0.21024258837674786,0.7051573661483975,0.9258549713699088,0.9910136404493467,0.9999241001008596,0.9999999999999991
clip     | n_total=500 | alpha=0.672203125,282,0.044570776510695055,0.21024258837674786,0.7051573661483975,0.9258549713699088,0.9910136404493467,0.9999241001008596,0.9999999999999991
clip     | n_total=500 | alpha=0.672203125,283,0.044570776510695055,0.21024258837674786,0.7051573661483975,0.9258549713699088,0.9910136404493467,0.9999241001008596,0.9999999999999991
clip     | n_total=500 | alpha=0.672203125,284,0.044570776510695055,0.21024258837674786,0.7051573661483975,0.9258549713699088,0.9910136404493467,0.9999241001008596,0.9999999999999991
clip     | n_total=500 | alpha=0.672203125,285,0.044570776510695055,0.21024258837674786,0.7051573661483975,0.9258549713699088,0.9910136404493467,0.9999241001008596,0.9999999999999991
clip     | n_total=500 | alpha=0.672203125,286,0.044570776510695055,0.21024258837674786,0.7051573661483975,0.9258549713699088,0.9910136404493467,0.9999241001008596,0.9999999999999991
clip     | n_total=500 | alpha=0.672203125,287,0.044570776510695055,0.21024258837674786,0.7051573661483975,0.9258549713699088,0.9910136404493467,0.9999241001008596,0.9999999999999991
clip     | n_total=500 | alpha=0.672203125,288,0.044570776510695055,0.21024258837674786,0.7051573661483975,0.9258549713699088,0.9910136404493467,0.9999241001008596,0.9999999999999991
clip     | n_total=500 | alpha=0.672203125,289,0.044570776510695055,0.21024258837674786,0.7051573661483975,0.9258549713699088,0.9910136404493467,0.9999241001008596,0.9999999999999991
clip     | n_total=500 | alpha=0.672203125,290,0.044570776510695055,0.21024258837674786,0.7051573661483975,0.9258549713699088,0.9910136404493467,0.9999241001008596,0.9999999999999991
clip     | n_total=500 | alpha=0.672203125,291,0.044570776510695055,0.21024258837674786,0.7051573661483975,0.9258549713699088,0.9910136404493467,0.9999241001008596,0.9999999999999991
clip     | n_total=500 | alpha=0.672203125,292,0.044570776510695055,0.21024258837674786,0.7051573661483975,0.9258549713699088,0.9910136404493467,0.9999241001008596,0.9999999999999991
clip     | n_total=500 | alpha=0.672203125,293,0.044570776510695055,0.21024258837674786,0.7051573661483975,0.9258549713699088,0.9910136404493467,0.9999241001008596,0.9999999999999991
clip     | n_total=500 | alpha=0.672203125,294,0.044570776510695055,0.21024258837674786,0.7051573661483975,0.9258549713699088,0.9910136404493467,0.9999241001008596,0.9999999999999991
clip     | n_total=500 | alpha=0.672203125,295,0.044570776510695055,0.21024258837674786,0.7051573661483975,0.9258549713699088,0.9910136404493467,0.9999241001008596,0.9999999999999991
clip     | n_total=500 | alpha=0.672203125,296,0.044570776510695055,0.21024258837674786,0.7051573661483975,0.9258549713699088,0.9910136404493467,0.9999241001008596,0.9999999999999991
clip     | n_total=500 | alpha=0.672203125,297,0.044570776510695055,0.21024258837674786,0.7051573661483975,0.9258549713699088,0.9910136404493467,0.9999241001008596,0.9999999999999991
clip     | n_total=500 | alpha=0.672203125,298,0.044570776510695055,0.21024258837674786,0.7051573661483975,0.9258549713699088,0.9910136404493467,0.9999241001008596,0.9999999999999991
clip     | n_total=500 | alpha=0.672203125,299,0.044570776510695055,0.21024258837674786,0.7051573661483975,0.9258549713699088,0.9910136404493467,0.9999241001008596,0.9999999999999991
clip     | n_total=500 | alpha=0.672203125,300,0.044570776510695055,0.21024258837674786,0.7051573661483975,0.9258549713699088,0.9910136404493467,0.9999241001008596,0.9999999999999991
clip     | n_total=500 | alpha=0.672203125,301,0.044570776510695055,0.21024258837674786,0.7051573661483975,0.9258549713699088,0.9910136404493467,0.9999241001008596,0.9999999999999991
clip     | n_total=500 | alpha=0.672203125,302,0.044570776510695055,0.21024258837674786,0.7051573661483975,0.9258549713699088,0.9910136404493467,0.9999241001008596,0.9999999999999991
clip     | n_total=500 | alpha=0.672203125,303,0.044570776510695055,0.21024258837674786,0.7051573661483975,0.9258549713699088,0.9910136404493467,0.9999241001008596,0.9999999999999991
clip     | n_total=500 | alpha=0.672203125,304,0.044570776510695055,0.21024258837674786,0.7051573661483975,0.9258549713699088,0.9910136404493467,0.9999241001008596,0.9999999999999991
clip     | n_total=500 | alpha=0.672203125,305,0.044570776510695055,0.21024258837674786,0.7051573661483975,0.9258549713699088,0.9910136404493467,0.9999241001008596,0.9999999999999991
clip     | n_total=500 | alpha=0.672203125,306,0.044570776510695055,0.21024258837674786,0.7051573661483975,0.9258549713699088,0.9910136404493467,0.9999241001008596,0.9999999999999991
clip     | n_total=500 | alpha=0.672203125,307,0.044570776510695055,0.21024258837674786,0.7051573661483975,0.9258549713699088,0.9910136404493467,0.9999241001008596,0.9999999999999991
clip     | n_total=500 | alpha=0.672203125,308,0.044570776510695055,0.21024258837674786,0.7051573661483975,0.9258549713699088,0.9910136404493467,0.9999241001008596,0.9999999999999991
clip     | n_total=500 | alpha=0.672203125,281,0.044570776510695055,0.21024258837674786,0.7051573661483975,0.9258549713699088,0.9910136404493467,0.9999241001008596,0.9999999999999991
clip     | n_total=500 | alpha=0.672203125,280,0.044570776510695055,0.21024258837674786,0.7051573661483975,0.9258549713699088,0.9910136404493467,0.9999241001008596,0.9999999999999991
clip     | n_total=500 | alpha=0.672203125,279,0.044570776510695055,0.21024258837674786,0.7051573661483975,0.9258549713699088,0.9910136404493467,0.9999241001008596,0.9999999999999991
clip     | n_total=500 | alpha=0.672203125,278,0.044570776510695055,0.21024258837674786,0.7051573661483975,0.9258549713699088,0.9910136404493467,0.9999241001008596,0.9999999999999991
clip     | n_total=500 | alpha=0.672203125,499,0.044570776510695055,0.21024258837674786,0.7051573661483975,0.9258549713699088,0.9910136404493467,0.9999241001008596,0.9999999999999991
clip     | n_total=500 | alpha=0.672203125,251,0.044570776510695055,0.21024258837674786,0.7051573661483975,0.9258549713699088,0.9910136404493467,0.9999241001008596,0.9999999999999991
clip     | n_total=500 | alpha=0.672203125,252,0.044570776510695055,0.21024258837674786,0.7051573661483975,0.9258549713699088,0.9910136404493467,0.9999241001008596,0.9999999999999991
clip     | n_total=500 | alpha=0.672203125,253,0.044570776510695055,0.21024258837674786,0.7051573661483975,0.9258549713699088,0.9910136404493467,0.9999241001008596,0.9999999999999991
clip     | n_total=500 | alpha=0.672203125,254,0.044570776510695055,0.21024258837674786,0.7051573661483975,0.9258549713699088,0.9910136404493467,0.9999241001008596,0.9999999999999991
clip     | n_total=500 | alpha=0.672203125,255,0.044570776510695055,0.21024258837674786,0.7051573661483975,0.9258549713699088,0.9910136404493467,0.9999241001008596,0.9999999999999991
clip     | n_total=500 | alpha=0.672203125,256,0.044570776510695055,0.21024258837674786,0.7051573661483975,0.9258549713699088,0.9910136404493467,0.9999241001008596,0.9999999999999991
clip     | n_total=500 | alpha=0.672203125,257,0.044570776510695055,0.21024258837674786,0.7051573661483975,0.9258549713699088,0.9910136404493467,0.9999241001008596,0.9999999999999991
clip     | n_total=500 | alpha=0.672203125,258,0.044570776510695055,0.21024258837674786,0.7051573661483975,0.9258549713699088,0.9910136404493467,0.9999241001008596,0.9999999999999991
clip     | n_total=500 | alpha=0.672203125,259,0.044570776510695055,0.21024258837674786,0.7051573661483975,0.9258549713699088,0.9910136404493467,0.9999241001008596,0.9999999999999991
clip     | n_total=500 | alpha=0.672203125,260,0.044570776510695055,0.21024258837674786,0.7051573661483975,0.9258549713699088,0.9910136404493467,0.9999241001008596,0.9999999999999991
clip     | n_total=500 | alpha=0.672203125,261,0.044570776510695055,0.21024258837674786,0.7051573661483975,0.9258549713699088,0.9910136404493467,0.9999241001008596,0.9999999999999991
clip     | n_total=500 | alpha=0.672203125,262,0.044570776510695055,0.21024258837674786,0.7051573661483975,0.9258549713699088,0.9910136404493467,0.9999241001008596,0.9999999999999991
clip     | n_total=500 | alpha=0.672203125,309,0.044570776510695055,0.21024258837674786,0.7051573661483975,0.9258549713699088,0.9910136404493467,0.9999241001008596,0.9999999999999991
clip     | n_total=500 | alpha=0.672203125,263,0.044570776510695055,0.21024258837674786,0.7051573661483975,0.9258549713699088,0.9910136404493467,0.9999241001008596,0.9999999999999991
clip     | n_total=500 | alpha=0.672203125,265,0.044570776510695055,0.21024258837674786,0.7051573661483975,0.9258549713699088,0.9910136404493467,0.9999241001008596,0.9999999999999991
clip     | n_total=500 | alpha=0.672203125,266,0.044570776510695055,0.21024258837674786,0.7051573661483975,0.9258549713699088,0.9910136404493467,0.9999241001008596,0.9999999999999991
clip     | n_total=500 | alpha=0.672203125,267,0.044570776510695055,0.21024258837674786,0.7051573661483975,0.9258549713699088,0.9910136404493467,0.9999241001008596,0.9999999999999991
clip     | n_total=500 | alpha=0.672203125,268,0.044570776510695055,0.21024258837674786,0.7051573661483975,0.9258549713699088,0.9910136404493467,0.9999241001008596,0.9999999999999991
clip     | n_total=500 | alpha=0.672203125,269,0.044570776510695055,0.21024258837674786,0.7051573661483975,0.9258549713699088,0.9910136404493467,0.9999241001008596,0.9999999999999991
clip     | n_total=500 | alpha=0.672203125,270,0.044570776510695055,0.21024258837674786,0.7051573661483975,0.9258549713699088,0.9910136404493467,0.9999241001008596,0.9999999999999991
clip     | n_total=500 | alpha=0.672203125,271,0.044570776510695055,0.21024258837674786,0.7051573661483975,0.9258549713699088,0.9910136404493467,0.9999241001008596,0.9999999999999991
clip     | n_total=500 | alpha=0.672203125,272,0.044570776510695055,0.21024258837674786,0.7051573661483975,0.9258549713699088,0.9910136404493467,0.9999241001008596,0.9999999999999991
clip     | n_total=500 | alpha=0.672203125,273,0.044570776510695055,0.21024258837674786,0.7051573661483975,0.9258549713699088,0.9910136404493467,0.9999241001008596,0.9999999999999991
clip     | n_total=500 | alpha=0.672203125,274,0.044570776510695055,0.21024258837674786,0.7051573661483975,0.9258549713699088,0.9910136404493467,0.9999241001008596,0.9999999999999991
clip     | n_total=500 | alpha=0.672203125,275,0.044570776510695055,0.21024258837674786,0.7051573661483975,0.9258549713699088,0.9910136404493467,0.9999241001008596,0.9999999999999991
clip     | n_total=500 | alpha=0.672203125,276,0.044570776510695055,0.21024258837674786,0.7051573661483975,0.9258549713699088,0.9910136404493467,0.9999241001008596,0.9999999999999991
clip     | n_total=500 | alpha=0.672203125,277,0.044570776510695055,0.21024258837674786,0.7051573661483975,0.9258549713699088,0.9910136404493467,0.9999241001008596,0.9999999999999991
clip     | n_total=500 | alpha=0.672203125,264,0.044570776510695055,0.21024258837674786,0.7051573661483975,0.9258549713699088,0.9910136404493467,0.9999241001008596,0.9999999999999991
clip     | n_total=500 | alpha=0.672203125,310,0.044570776510695055,0.21024258837674786,0.7051573661483975,0.9258549713699088,0.9910136404493467,0.9999241001008596,0.9999999999999991
clip     | n_total=500 | alpha=0.672203125,311,0.044570776510695055,0.21024258837674786,0.7051573661483975,0.9258549713699088,0.9910136404493467,0.9999241001008596,0.9999999999999991
clip     | n_total=500 | alpha=0.672203125,312,0.044570776510695055,0.21024258837674786,0.7051573661483975,0.9258549713699088,0.9910136404493467,0.9999241001008596,0.9999999999999991
clip     | n_total=500 | alpha=0.672203125,345,0.044570776510695055,0.21024258837674786,0.7051573661483975,0.9258549713699088,0.9910136404493467,0.9999241001008596,0.9999999999999991
clip     | n_total=500 | alpha=0.672203125,346,0.044570776510695055,0.21024258837674786,0.7051573661483975,0.9258549713699088,0.9910136404493467,0.9999241001008596,0.9999999999999991
clip     | n_total=500 | alpha=0.672203125,347,0.044570776510695055,0.21024258837674786,0.7051573661483975,0.9258549713699088,0.9910136404493467,0.9999241001008596,0.9999999999999991
clip     | n_total=500 | alpha=0.672203125,348,0.044570776510695055,0.21024258837674786,0.7051573661483975,0.9258549713699088,0.9910136404493467,0.9999241001008596,0.9999999999999991
clip     | n_total=500 | alpha=0.672203125,349,0.044570776510695055,0.21024258837674786,0.7051573661483975,0.9258549713699088,0.9910136404493467,0.9999241001008596,0.9999999999999991
clip     | n_total=500 | alpha=0.672203125,350,0.044570776510695055,0.21024258837674786,0.7051573661483975,0.9258549713699088,0.9910136404493467,0.9999241001008596,0.9999999999999991
clip     | n_total=500 | alpha=0.672203125,351,0.044570776510695055,0.21024258837674786,0.7051573661483975,0.9258549713699088,0.9910136404493467,0.9999241001008596,0.9999999999999991
clip     | n_total=500 | alpha=0.672203125,352,0.044570776510695055,0.21024258837674786,0.7051573661483975,0.9258549713699088,0.9910136404493467,0.9999241001008596,0.9999999999999991
clip     | n_total=500 | alpha=0.672203125,353,0.044570776510695055,0.21024258837674786,0.7051573661483975,0.9258549713699088,0.9910136404493467,0.9999241001008596,0.9999999999999991
clip     | n_total=500 | alpha=0.672203125,354,0.044570776510695055,0.21024258837674786,0.7051573661483975,0.9258549713699088,0.9910136404493467,0.9999241001008596,0.9999999999999991
clip     | n_total=500 | alpha=0.672203125,355,0.044570776510695055,0.21024258837674786,0.7051573661483975,0.9258549713699088,0.9910136404493467,0.9999241001008596,0.9999999999999991
clip     | n_total=500 | alpha=0.672203125,356,0.044570776510695055,0.21024258837674786,0.7051573661483975,0.9258549713699088,0.9910136404493467,0.9999241001008596,0.9999999999999991
clip     | n_total=500 | alpha=0.672203125,357,0.044570776510695055,0.21024258837674786,0.7051573661483975,0.9258549713699088,0.9910136404493467,0.9999241001008596,0.9999999999999991
clip     | n_total=500 | alpha=0.672203125,344,0.044570776510695055,0.21024258837674786,0.7051573661483975,0.9258549713699088,0.9910136404493467,0.9999241001008596,0.9999999999999991
clip     | n_total=500 | alpha=0.672203125,358,0.044570776510695055,0.21024258837674786,0.7051573661483975,0.9258549713699088,0.9910136404493467,0.9999241001008596,0.9999999999999991
clip     | n_total=500 | alpha=0.672203125,360,0.044570776510695055,0.21024258837674786,0.7051573661483975,0.9258549713699088,0.9910136404493467,0.9999241001008596,0.9999999999999991
clip     | n_total=500 | alpha=0.672203125,361,0.044570776510695055,0.21024258837674786,0.7051573661483975,0.9258549713699088,0.9910136404493467,0.9999241001008596,0.9999999999999991
clip     | n_total=500 | alpha=0.672203125,362,0.044570776510695055,0.21024258837674786,0.7051573661483975,0.9258549713699088,0.9910136404493467,0.9999241001008596,0.9999999999999991
clip     | n_total=500 | alpha=0.672203125,363,0.044570776510695055,0.21024258837674786,0.7051573661483975,0.9258549713699088,0.9910136404493467,0.9999241001008596,0.9999999999999991
clip     | n_total=500 | alpha=0.672203125,364,0.044570776510695055,0.21024258837674786,0.7051573661483975,0.9258549713699088,0.9910136404493467,0.9999241001008596,0.9999999999999991
clip     | n_total=500 | alpha=0.672203125,365,0.044570776510695055,0.21024258837674786,0.7051573661483975,0.9258549713699088,0.9910136404493467,0.9999241001008596,0.9999999999999991
clip     | n_total=500 | alpha=0.672203125,366,0.044570776510695055,0.21024258837674786,0.7051573661483975,0.9258549713699088,0.9910136404493467,0.9999241001008596,0.9999999999999991
clip     | n_total=500 | alpha=0.672203125,367,0.044570776510695055,0.21024258837674786,0.7051573661483975,0.9258549713699088,0.9910136404493467,0.9999241001008596,0.9999999999999991
clip     | n_total=500 | alpha=0.672203125,368,0.044570776510695055,0.21024258837674786,0.7051573661483975,0.9258549713699088,0.9910136404493467,0.9999241001008596,0.9999999999999991
clip     | n_total=500 | alpha=0.672203125,369,0.044570776510695055,0.21024258837674786,0.7051573661483975,0.9258549713699088,0.9910136404493467,0.9999241001008596,0.9999999999999991
clip     | n_total=500 | alpha=0.672203125,370,0.044570776510695055,0.21024258837674786,0.7051573661483975,0.9258549713699088,0.9910136404493467,0.9999241001008596,0.9999999999999991
clip     | n_total=500 | alpha=0.672203125,371,0.044570776510695055,0.21024258837674786,0.7051573661483975,0.9258549713699088,0.9910136404493467,0.9999241001008596,0.9999999999999991
clip     | n_total=500 | alpha=0.672203125,372,0.044570776510695055,0.21024258837674786,0.7051573661483975,0.9258549713699088,0.9910136404493467,0.9999241001008596,0.9999999999999991
clip     | n_total=500 | alpha=0.672203125,359,0.044570776510695055,0.21024258837674786,0.7051573661483975,0.9258549713699088,0.9910136404493467,0.9999241001008596,0.9999999999999991
clip     | n_total=500 | alpha=0.672203125,374,0.044570776510695055,0.21024258837674786,0.7051573661483975,0.9258549713699088,0.9910136404493467,0.9999241001008596,0.9999999999999991
clip     | n_total=500 | alpha=0.672203125,343,0.044570776510695055,0.21024258837674786,0.7051573661483975,0.9258549713699088,0.9910136404493467,0.9999241001008596,0.9999999999999991
clip     | n_total=500 | alpha=0.672203125,341,0.044570776510695055,0.21024258837674786,0.7051573661483975,0.9258549713699088,0.9910136404493467,0.9999241001008596,0.9999999999999991
clip     | n_total=500 | alpha=0.672203125,313,0.044570776510695055,0.21024258837674786,0.7051573661483975,0.9258549713699088,0.9910136404493467,0.9999241001008596,0.9999999999999991
clip     | n_total=500 | alpha=0.672203125,314,0.044570776510695055,0.21024258837674786,0.7051573661483975,0.9258549713699088,0.9910136404493467,0.9999241001008596,0.9999999999999991
clip     | n_total=500 | alpha=0.672203125,315,0.044570776510695055,0.21024258837674786,0.7051573661483975,0.9258549713699088,0.9910136404493467,0.9999241001008596,0.9999999999999991
clip     | n_total=500 | alpha=0.672203125,316,0.044570776510695055,0.21024258837674786,0.7051573661483975,0.9258549713699088,0.9910136404493467,0.9999241001008596,0.9999999999999991
clip     | n_total=500 | alpha=0.672203125,317,0.044570776510695055,0.21024258837674786,0.7051573661483975,0.9258549713699088,0.9910136404493467,0.9999241001008596,0.9999999999999991
clip     | n_total=500 | alpha=0.672203125,318,0.044570776510695055,0.21024258837674786,0.7051573661483975,0.9258549713699088,0.9910136404493467,0.9999241001008596,0.9999999999999991
clip     | n_total=500 | alpha=0.672203125,319,0.044570776510695055,0.21024258837674786,0.7051573661483975,0.9258549713699088,0.9910136404493467,0.9999241001008596,0.9999999999999991
clip     | n_total=500 | alpha=0.672203125,320,0.044570776510695055,0.21024258837674786,0.7051573661483975,0.9258549713699088,0.9910136404493467,0.9999241001008596,0.9999999999999991
clip     | n_total=500 | alpha=0.672203125,321,0.044570776510695055,0.21024258837674786,0.7051573661483975,0.9258549713699088,0.9910136404493467,0.9999241001008596,0.9999999999999991
clip     | n_total=500 | alpha=0.672203125,322,0.044570776510695055,0.21024258837674786,0.7051573661483975,0.9258549713699088,0.9910136404493467,0.9999241001008596,0.9999999999999991
clip     | n_total=500 | alpha=0.672203125,323,0.044570776510695055,0.21024258837674786,0.7051573661483975,0.9258549713699088,0.9910136404493467,0.9999241001008596,0.9999999999999991
clip     | n_total=500 | alpha=0.672203125,324,0.044570776510695055,0.21024258837674786,0.7051573661483975,0.9258549713699088,0.9910136404493467,0.9999241001008596,0.9999999999999991
clip     | n_total=500 | alpha=0.672203125,325,0.044570776510695055,0.21024258837674786,0.7051573661483975,0.9258549713699088,0.9910136404493467,0.9999241001008596,0.9999999999999991
clip     | n_total=500 | alpha=0.672203125,342,0.044570776510695055,0.21024258837674786,0.7051573661483975,0.9258549713699088,0.9910136404493467,0.9999241001008596,0.9999999999999991
clip     | n_total=500 | alpha=0.672203125,326,0.044570776510695055,0.21024258837674786,0.7051573661483975,0.9258549713699088,0.9910136404493467,0.9999241001008596,0.9999999999999991
clip     | n_total=500 | alpha=0.672203125,328,0.044570776510695055,0.21024258837674786,0.7051573661483975,0.9258549713699088,0.9910136404493467,0.9999241001008596,0.9999999999999991
clip     | n_total=500 | alpha=0.672203125,329,0.044570776510695055,0.21024258837674786,0.7051573661483975,0.9258549713699088,0.9910136404493467,0.9999241001008596,0.9999999999999991
clip     | n_total=500 | alpha=0.672203125,330,0.044570776510695055,0.21024258837674786,0.7051573661483975,0.9258549713699088,0.9910136404493467,0.9999241001008596,0.9999999999999991
clip     | n_total=500 | alpha=0.672203125,331,0.044570776510695055,0.21024258837674786,0.7051573661483975,0.9258549713699088,0.9910136404493467,0.9999241001008596,0.9999999999999991
clip     | n_total=500 | alpha=0.672203125,332,0.044570776510695055,0.21024258837674786,0.7051573661483975,0.9258549713699088,0.9910136404493467,0.9999241001008596,0.9999999999999991
clip     | n_total=500 | alpha=0.672203125,333,0.044570776510695055,0.21024258837674786,0.7051573661483975,0.9258549713699088,0.9910136404493467,0.9999241001008596,0.9999999999999991
clip     | n_total=500 | alpha=0.672203125,334,0.044570776510695055,0.21024258837674786,0.7051573661483975,0.9258549713699088,0.9910136404493467,0.9999241001008596,0.9999999999999991
clip     | n_total=500 | alpha=0.672203125,335,0.044570776510695055,0.21024258837674786,0.7051573661483975,0.9258549713699088,0.9910136404493467,0.9999241001008596,0.9999999999999991
clip     | n_total=500 | alpha=0.672203125,336,0.044570776510695055,0.21024258837674786,0.7051573661483975,0.9258549713699088,0.9910136404493467,0.9999241001008596,0.9999999999999991
clip     | n_total=500 | alpha=0.672203125,337,0.044570776510695055,0.21024258837674786,0.7051573661483975,0.9258549713699088,0.9910136404493467,0.9999241001008596,0.9999999999999991
clip     | n_total=500 | alpha=0.672203125,338,0.044570776510695055,0.21024258837674786,0.7051573661483975,0.9258549713699088,0.9910136404493467,0.9999241001008596,0.9999999999999991
clip     | n_total=500 | alpha=0.672203125,339,0.044570776510695055,0.21024258837674786,0.7051573661483975,0.9258549713699088,0.9910136404493467,0.9999241001008596,0.9999999999999991
clip     | n_total=500 | alpha=0.672203125,340,0.044570776510695055,0.21024258837674786,0.7051573661483975,0.9258549713699088,0.9910136404493467,0.9999241001008596,0.9999999999999991
clip     | n_total=500 | alpha=0.672203125,327,0.044570776510695055,0.21024258837674786,0.7051573661483975,0.9258549713699088,0.9910136404493467,0.9999241001008596,0.9999999999999991
clip     | n_total=500 | alpha=0.672203125,500,0.044570776510695055,0.21024258837674786,0.9999999999999997,0.9999999999999997,0.9999999999999998,0.9999999999999992,0.9999999999999994
