true_p,sample_number,0.85,0.875,0.8999999999999999,0.9249999999999999,0.95,0.96,0.9643333333333333,0.9686666666666667,0.973,0.9773333333333333,0.9816666666666667,0.986,0.9903333333333333,0.9946666666666667,0.999
0.5,82,0.001354499730117962,0.0,0.001933255663786357,0.0,0.0,0.0015152502659907885,0.0019072984107280702,0.0,0.0,0.0013959389766513757,0.0,0.0007187970375841193,0.0,0.0,0.0
0.5,84,0.0016836217351236893,0.0,0.0021297244076491054,0.0,0.0,0.001703615173377392,0.0020112750241102146,0.0,0.0,0.0015212280554974635,0.0,0.0009421923586739654,0.0,0.0,0.0
0.5,86,0.0018390123511486693,0.0,0.0022499759107832557,0.0,0.0,0.001834067580558812,0.0,0.0,0.0009837325320408853,0.001621184591495128,0.0,0.0010812051217260153,0.0,0.0,0.0001369712089983712
0.5,63,0.0018466363730120822,0.0034829092950980673,0.0,0.0,0.0029711351435462666,0.0,0.0,0.001863227227735166,0.0024716104300865787,0.0,0.0010494077577838767,0.0017765121110047397,0.0,0.0,0.0
0.5,88,0.00192765188713529,0.0,0.002330214807583452,0.0,0.0,0.0019329882267985563,0.0,0.0,0.0012670401407909669,0.0,0.0,0.0011862960938017893,0.0,0.0,0.000187584904118649
0.5,90,0.001981967810513067,0.0,0.002385841963935697,0.0012461356100124676,0.0,0.002011637316943914,0.0,0.0,0.0014311620511450191,0.0,0.0,0.0,0.0005500721536777112,0.0003806953255630856,0.0
0.5,92,0.0020156928503175116,0.0,0.0024247901160847863,0.0015716059334775542,0.0011417693867844217,0.0,0.0,0.0009266682583899421,0.0015479590254772065,0.0,0.0007587363441101357,0.0,0.0007222959721033429,0.0005049419347032062,0.0
0.5,94,0.0020358437152500396,0.0,0.0024516901275252728,0.0017408849592511235,0.0014522493420141636,0.0,0.0,0.0011908165973724834,0.001639058361204591,0.0,0.000982072909336786,0.0,0.0008306886287678705,0.0005864602447067499,0.0
0.5,96,0.002046471341861894,0.0,0.0,0.0018493407588869117,0.0016215130452627176,0.0,0.0,0.001342273064006071,0.0,0.0,0.0011148946923593417,0.0,0.00091373916300547,0.0006512392679600657,0.0
0.5,100,0.0020485112445839987,0.0010447768225015036,0.0,0.0019823789215828815,0.0018196066867164876,0.0,0.0011467605989753291,0.0015318771403706308,0.0,0.0007532317886257026,0.0012897946618870997,0.0,0.0,0.0,0.00012141118092693943
0.5,98,0.0020501243575136363,0.0,0.0,0.0019257733582141393,0.0017353411180396593,0.0,0.0008937731579234743,0.0014491224675499618,0.0,0.0,0.00121200019277921,0.0,0.0,0.0,0.0
0.5,65,0.002291591051009781,0.0,0.0019605404866978224,0.0,0.0031153472889066734,0.0,0.0014118338452532564,0.0021133660063117105,0.0,0.0,0.0013873033982289202,0.0,0.0007547275629225794,0.0,0.0
0.5,67,0.0024971018143410437,0.0,0.002459113819338167,0.0,0.0,0.0,0.001822884137241191,0.00229104894720823,0.0,0.0,0.0016001500469050465,0.0,0.0010072719323212225,0.0004945346600888078,0.0001700343480750193
0.5,69,0.0026097052253344355,0.0,0.002706726575797161,0.0,0.0,0.0013696154733033883,0.0020600844368643795,0.0,0.0,0.001087873784338485,0.0017604372816631072,0.0,0.0011730352711243775,0.000669435116429569,0.0002369042165483481
0.5,48,0.0026127901523267383,0.004649171749189662,0.0,0.0044690354686061085,0.0024114081624553307,0.0038687560817933786,0.0,0.0,0.0017711579017998247,0.0023748260562648227,0.0,0.0,0.0017533620862479893,0.0006896690889348633,0.0
0.5,71,0.0026741637782705776,0.0,0.0028554181554459167,0.0,0.0,0.001765452141168697,0.0022261989639396395,0.0,0.0,0.0014185665285411124,0.0,0.0,0.0,0.0007902139660912133,0.0
0.5,73,0.0027096374497839054,0.0,0.0029516196510031736,0.0,0.0,0.0019921658404606357,0.0023525952406874685,0.0,0.0,0.0016187064345940167,0.0,0.0007931136690677981,0.0,0.0,0.0
0.5,79,0.0027226337025645217,0.0,0.0,0.002110634446407737,0.0013339923100395494,0.0,0.0,0.0,0.0016300865355433614,0.0,0.0,0.0013355096119956084,0.0,0.0,0.00014364691481730897
0.5,75,0.002726033847447902,0.0,0.003015286200323192,0.0015059642367880768,0.0,0.002149898596489879,0.0,0.0,0.001108050191681686,0.0017655430946165469,0.0,0.0010490142725250089,0.0,0.0,0.0
0.5,77,0.0027291399895447675,0.0,0.0030568218003101093,0.0019030849930696506,0.0,0.0022692534862302815,0.0,0.0,0.0014362993209216602,0.0,0.0,0.0012115422218001255,0.0,0.0,0.0
0.5,50,0.0032254216158227322,0.0,0.0,0.0,0.003084835669067587,0.0,0.0,0.0,0.0023251853711974135,0.00272053842867237,0.0,0.0012040829993873459,0.0,0.0009596436467562697,0.00019500234637614966
0.5,52,0.003493828281554423,0.0,0.0025530819219474754,0.0,0.00345136583597494,0.0,0.0,0.001664358147867917,0.0026610422291770686,0.0,0.0,0.0016100003942998153,0.0,0.001155399443467875,0.00028528114331316523
0.5,54,0.003628139430937205,0.0,0.0032008152464287343,0.0,0.0036905424555542243,0.0,0.0,0.0021781626490346984,0.0029030886194185146,0.0,0.0,0.0018749634143327976,0.0,0.0,0.0
0.5,56,0.003693169189348852,0.0,0.003517298180948522,0.0,0.0,0.0,0.001697141035370886,0.0024859830221672236,0.0,0.0,0.0012557239184050328,0.0,0.0,0.0,0.0
0.5,60,0.0037141254228971257,0.0,0.003814096282941975,0.0,0.0,0.0016665537188153088,0.002476961757926082,0.0,0.0,0.0012253351236959963,0.0019105466648138836,0.0,0.0011637043101791547,0.0005301679799917117,0.00016235380394121444
0.5,58,0.003716954982448735,0.0,0.003701254051962786,0.0,0.0,0.0,0.0021921593230146003,0.002705793125886275,0.0,0.0,0.0016584671727190685,0.0,0.0008700746107758658,0.0,0.0
0.5,35,0.003898799215676263,0.006619045743718743,0.0,0.00507995966472663,0.0,0.0031119190680328757,0.0041487324924673885,0.004728274157969281,0.0,0.0,0.0020417329797055572,0.00285606476245448,0.0,0.001595762383658439,0.0
0.5,37,0.0047725254989927635,0.006646530448051635,0.0,0.005602208992058877,0.0,0.004032429707876872,0.004688591063313652,0.0,0.0,0.0,0.002761630901659373,0.0,0.0,0.0,0.00026669882936403155
0.5,39,0.005120761536090868,0.0,0.0,0.005894639571124571,0.0029866161457903218,0.004548555507426499,0.0,0.0,0.0,0.0021899717994529055,0.003228081021006801,0.0,0.001312244108703453,0.0,0.000411362991144415
0.5,41,0.005264384337806405,0.0,0.0034334354190832528,0.0,0.003845160739729181,0.0,0.0,0.0,0.002158251553282753,0.0028857024681201437,0.0,0.0,0.0018036040528386366,0.0,0.0
0.5,45,0.00528323231284844,0.0,0.00470191900447503,0.0,0.004617282896646202,0.0,0.0,0.002064148290543244,0.0032491801376863805,0.0,0.0,0.0018243535899387098,0.0,0.0011447683885705828,0.0001983715226288041
0.5,43,0.005303868753458119,0.0,0.004295219662935779,0.0,0.00431496041369428,0.0,0.0,0.0,0.0028380877074596356,0.00330971191124263,0.0,0.0013372978340839836,0.0,0.0008215413992047615,0.0
0.5,24,0.006166338920593262,0.009951412677764893,0.0,0.0,0.0,0.0,0.0,0.0,0.004484295845031738,0.005769908428192139,0.0,0.0,0.0022237300872802734,0.0,0.0
0.5,26,0.007474198937416077,0.010002419352531433,0.0,0.005681067705154419,0.0,0.0,0.003939643502235413,0.004190012812614441,0.00590476393699646,0.0,0.0,0.0,0.0031929463148117065,0.0,0.0003964751958847046
0.5,28,0.007913660258054733,0.0,0.0,0.007100138813257217,0.0,0.0038941167294979095,0.005197986960411072,0.005497604608535767,0.0,0.0,0.0,0.0026568248867988586,0.0,0.0012313351035118103,0.0
0.5,32,0.007950818864628673,0.0,0.004888930125162005,0.0,0.003928296500816941,0.005788889015093446,0.0,0.0,0.0,0.0025608825962990522,0.0035065198317170143,0.0,0.0,0.0,0.0
0.5,30,0.008015129715204239,0.0,0.0,0.007731380872428417,0.0,0.0051069557666778564,0.0059203049167990685,0.0,0.0,0.0,0.002599111758172512,0.003601980395615101,0.0,0.0018111085519194603,0.0
0.5,17,0.01061248779296875,0.01622772216796875,0.0,0.0,0.01386260986328125,0.0,0.0,0.0,0.0,0.005340576171875,0.00606536865234375,0.0,0.0,0.002349853515625,0.00054931640625
0.5,19,0.012350082397460938,0.0,0.0,0.00829315185546875,0.0,0.0,0.0,0.0,0.0060577392578125,0.00739288330078125,0.0,0.0,0.0,0.0,0.0
0.5,21,0.01259613037109375,0.0,0.0,0.010304927825927734,0.0,0.0,0.005301475524902344,0.0057582855224609375,0.00794839859008789,0.0,0.0,0.0,0.0032105445861816406,0.0,0.0
0.5,10,0.0224609375,0.029296875,0.0,0.0,0.017578125,0.017578125,0.017578125,0.0,0.0,0.0,0.0,0.0,0.005859375,0.0,0.0
0.5,14,0.02301025390625,0.0,0.0,0.0133056640625,0.0,0.0,0.0,0.0,0.0079345703125,0.0079345703125,0.0103759765625,0.0,0.0,0.00299072265625,0.0
0.5,12,0.024169921875,0.0,0.0,0.0,0.021484375,0.0,0.0,0.0,0.0,0.0,0.00732421875,0.008056640625,0.0,0.0,0.0
0.5,7,0.0546875,0.0,0.0,0.0,0.03125,0.03125,0.03125,0.0,0.0,0.0,0.0,0.0,0.0,0.0078125,0.0
0.5,5,0.0625,0.0625,0.0,0.0,0.0,0.0,0.0,0.0,0.03125,0.03125,0.03125,0.0,0.0,0.0,0.0
0.5,2,0.25,0.25,0.0,0.0,0.0,0.0,0.0,0.0,0.0,0.0,0.0,0.0,0.0,0.0,0.0
0.7,100,2.3189243544820288e-05,2.7596153020423696e-05,0.0,0.00012217672272322224,0.00026167131057456725,0.0,0.00038479385999151943,0.0005140191583166409,0.0,0.0005897402863067992,0.0010098403767133898,0.0,0.0,0.0,0.006574682210315661
0.7,98,2.762798102259675e-05,0.0,0.0,0.00014129529104356782,0.00029708734779407584,0.0,0.000357028916831222,0.0005788701756799114,0.0,0.0,0.0011296803091990313,0.0,0.0,0.0,0.0
0.7,96,3.283184771847283e-05,0.0,0.0,0.00016153259481512398,0.0003304764070267164,0.0,0.0,0.0006383188559931655,0.0,0.0,0.001237107477269403,0.0,0.0023657704803941868,0.003934302365247143,0.0
0.7,94,3.888255607779562e-05,0.0,0.00010925787133259047,0.00018102310717965227,0.0003523561983534091,0.0,0.0,0.0006741590853424138,0.0009279229799539704,0.0,0.0012972928633769273,0.0,0.002560409020825403,0.004217804498704121,0.0
0.7,92,4.5830589210116434e-05,0.0,0.0001286417749600245,0.00019454869218769194,0.0003297917868022975,0.0,0.0,0.0006245432424775219,0.0010432723256039954,0.0,0.0011931798194663031,0.0,0.0026503729479502515,0.00432324673447528,0.0
0.7,90,5.3647365055188515e-05,0.0,0.00015068508157570074,0.00018364143451417444,0.0,0.00069172239828561,0.0,0.0,0.0011482798723382568,0.0,0.0,0.0,0.0024028804900907575,0.0038803137312308287,0.0
0.7,88,6.211566241672976e-05,0.0,0.00017520449986952092,0.0,0.0,0.000791283441955642,0.0,0.0,0.001210235890836363,0.0,0.0,0.0026439274877988654,0.0,0.0,0.01239257244725711
0.7,86,7.054689002873321e-05,0.0,0.00020139462745193433,0.0,0.0,0.0008937970506738381,0.0,0.0,0.0011186066634569474,0.0018434562522578123,0.0,0.002868700756333106,0.0,0.0,0.010772427599904778
0.7,82,7.363996575092222e-05,0.0,0.0002452453216795737,0.0,0.0,0.001046524451391431,0.00131729686357902,0.0,0.0,0.002249615158528568,0.0,0.0027028681460788302,0.0,0.0,0.0
0.7,84,7.68879823970317e-05,0.0,0.0002269416115365845,0.0,0.0,0.0009883614467934068,0.001166851953301225,0.0,0.0,0.002059280033290296,0.0,0.0029760309624122525,0.0,0.0,0.0
0.7,79,0.00012586835300661716,0.0,0.0,0.0005312438624160493,0.0007834495134822451,0.0,0.0,0.0,0.0022338043618289408,0.0,0.0,0.004270298932079071,0.0,0.0,0.013614907772496977
0.7,77,0.0001502013583763069,0.0,0.0003925499753718276,0.0005702427893778854,0.0,0.001586577950632919,0.0,0.0,0.0023431502809737412,0.0,0.0,0.0046118006631111,0.0,0.0,0.0
0.7,75,0.00017860762889681796,0.0,0.0004609715116981496,0.0005372012199094056,0.0,0.0017894398028676086,0.0,0.0,0.0021519656537371916,0.003428895304861015,0.0,0.004753725331188789,0.0,0.0,0.0
0.7,73,0.0002113492257210645,0.0,0.0005371884339959017,0.0,0.0,0.0019739916895736057,0.0023311329607848693,0.0,0.0,0.003742524993646034,0.0,0.0042786704372847,0.0,0.0,0.0
0.7,71,0.00024831227620413643,0.0,0.0006186666291949594,0.0,0.0,0.002082555067064672,0.002626059253907359,0.0,0.0,0.0039045144869955433,0.0,0.0,0.0,0.011841742193909571,0.0
0.7,69,0.0002884844164451413,0.0,0.0006981553579060296,0.0,0.0,0.0019233570454473055,0.0028929856540703316,0.0,0.0,0.0035646472164744866,0.005768442944577639,0.0,0.00896862571732927,0.011942633509155764,0.02301007191039945
0.7,67,0.0003286153659922239,0.0,0.0007551044550688686,0.0,0.0,0.0,0.003047481223690338,0.0038301549212772608,0.0,0.0,0.006241938231077656,0.0,0.009168161941907931,0.010502895967038878,0.01966086222649764
0.7,63,0.0003444089512655027,0.0006495838353497805,0.0,0.0,0.003016956315022749,0.0,0.0,0.004414578284749417,0.005856031712397909,0.0,0.005801555568531957,0.009821286009862545,0.0,0.0,0.0
0.7,65,0.0003590123995170119,0.0,0.0007166794164235632,0.0,0.002657249713337413,0.0,0.0028098703107213054,0.004206078793753323,0.0,0.0,0.006442448003888814,0.0,0.008177987985436274,0.0,0.0
0.7,60,0.0005890366105488668,0.0,0.0014114131535718827,0.0,0.0,0.003357649787159482,0.004990400264573993,0.0,0.0,0.005760335074669529,0.008981533910433083,0.0,0.012764749379948745,0.013569377645363681,0.022623639611109997
0.7,58,0.0007017682864908131,0.0,0.0016305424810762188,0.0,0.0,0.0,0.005257858664260214,0.0064898010291846555,0.0,0.0,0.009281548914422911,0.0,0.011361792652813505,0.0,0.0
0.7,56,0.0008300922413924553,0.0,0.0018446463788360918,0.0,0.0,0.0,0.004845911084984265,0.007098321490747625,0.0,0.0,0.008366204164020867,0.0,0.0,0.0,0.0
0.7,54,0.0009708046182861973,0.0,0.0019984130506048793,0.0,0.005376400851474556,0.0,0.0,0.007404036094393168,0.009868212978917112,0.0,0.0,0.014871261276221726,0.0,0.0,0.0
0.7,52,0.0011129358566876486,0.0,0.0018976237820065769,0.0,0.005985675174403402,0.0,0.0,0.006735125941752863,0.010768388145778253,0.0,0.0,0.01520203409953223,0.0,0.025455677444254164,0.034219931999568604
0.7,48,0.0011795450629789193,0.002098870274298229,0.0,0.0047076112650485885,0.005926991492880869,0.009509001728464219,0.0,0.0,0.010157752893063669,0.013619845084977274,0.0,0.0,0.023463281939746186,0.021534495135578646,0.0
0.7,50,0.001223138918082724,0.0,0.0,0.0,0.006369053503186732,0.0,0.0,0.0,0.011201527013508333,0.013106131269167424,0.0,0.013534831656652549,0.0,0.025169999773220868,0.027846244164826436
0.7,45,0.0020281608384277654,0.0,0.004211672702082296,0.0,0.009650342778882208,0.0,0.0,0.010066394238957018,0.01584553220773287,0.0,0.0,0.02075959333316187,0.0,0.03039514641772908,0.028676061875617373
0.7,43,0.0024239081982886266,0.0,0.004580211820762413,0.0,0.010736278910581012,0.0,0.0,0.0,0.01647705409014663,0.019215157460077556,0.0,0.01811584854859034,0.0,0.02596789692753678,0.0
0.7,41,0.002864123239562816,0.0,0.004358627765389959,0.0,0.011389697316565169,0.0,0.0,0.0,0.014916829674277748,0.01994463163578769,0.0,0.0,0.029086566377579257,0.0,0.0
0.7,39,0.003316647977430321,0.0,0.0,0.008908382728768203,0.010531683664293459,0.01603953953078871,0.0,0.0,0.0,0.018019125290729073,0.026560705658710958,0.0,0.02519338941390172,0.0,0.04299824755029821
0.7,35,0.0035787974946284657,0.0060757743638621894,0.0,0.010880360969848617,0.0,0.015552067012775022,0.02073362588498022,0.02362993219036177,0.0,0.0,0.023808692963912192,0.0333046337058893,0.0,0.04341918019229988,0.0
0.7,37,0.0036798811986376886,0.005124842693270067,0.0,0.010079097172309242,0.0,0.016928010389393733,0.019682554683186446,0.0,0.0,0.0,0.027050888246152222,0.0,0.0,0.0,0.03318695159297049
0.7,32,0.00620598601182196,0.0,0.008904090148984998,0.0,0.016693859866964995,0.024600714834861783,0.0,0.0,0.0,0.025393289120472996,0.034770071858094824,0.0,0.0,0.0,0.0
0.7,30,0.007447837665169779,0.0,0.0,0.016763067763936067,0.0,0.025836597152037972,0.02995141139670965,0.0,0.0,0.0,0.030681384737414205,0.042519813158090114,0.0,0.04988514848782133,0.0
0.7,28,0.008754226164046577,0.0,0.0,0.018326687970917237,0.0,0.023453242662152093,0.031306110732058544,0.033110629162156506,0.0,0.0,0.0,0.0373365037367372,0.0,0.040376043782328334,0.0
0.7,24,0.009667388678574331,0.015601506095547148,0.0,0.0,0.0,0.0,0.0,0.0,0.038276270583328685,0.04924977830871637,0.0,0.0,0.04428883093840455,0.0,0.0
0.7,26,0.009842960171399543,0.01317243709044751,0.0,0.017456928175963875,0.0,0.0,0.02824695054917198,0.030042079861073896,0.04233671773555984,0.0,0.0,0.0,0.05341743707404829,0.0,0.03611278842776335
0.7,21,0.016792355268957126,0.0,0.0,0.032055031395392015,0.0,0.0,0.03847909048444123,0.04179470198687824,0.05769094794793585,0.0,0.0,0.0,0.05437302913060501,0.0,0.0
0.7,19,0.01960040458281009,0.0,0.0,0.03071083211749848,0.0,0.0,0.0,0.0,0.05234308644865268,0.06387966091781418,0.0,0.0,0.0,0.0,0.0
0.7,17,0.020050864331449775,0.0306600923314117,0.0,0.0,0.06111357379144732,0.0,0.0,0.0,0.0,0.05493606890076897,0.06239167825158764,0.0,0.0,0.05640103073812281,0.030764198584430618
0.7,14,0.03696834290877001,0.0,0.0,0.04987947946842,0.0,0.0,0.0,0.0,0.06940416867929997,0.06940416867929997,0.09075929750369996,0.0,0.0,0.061040076556409965,0.0
0.7,12,0.046227939219,0.0,0.0,0.0,0.09588017023199998,0.0,0.0,0.0,0.0,0.0,0.07626831722999995,0.08389514895299999,0.0,0.0,0.0
0.7,10,0.05114202029999999,0.06670698299999998,0.0,0.0,0.09338977619999997,0.09338977619999997,0.09338977619999997,0.0,0.0,0.0,0.0,0.0,0.07263649259999996,0.0,0.0
0.7,7,0.10588409999999998,0.0,0.0,0.0,0.14117879999999997,0.14117879999999997,0.14117879999999997,0.0,0.0,0.0,0.0,0.0,0.0,0.08235429999999996,0.0
0.7,5,0.14405999999999997,0.14405999999999997,0.0,0.0,0.0,0.0,0.0,0.0,0.16806999999999994,0.16806999999999994,0.16806999999999994,0.0,0.0,0.0,0.0
0.7,2,0.48999999999999994,0.48999999999999994,0.0,0.0,0.0,0.0,0.0,0.0,0.0,0.0,0.0,0.0,0.0,0.0,0.0
0.6,82,0.0019291045827622634,0.0,0.0041300698823357115,0.0,0.0,0.007283413989800136,0.009167887469953322,0.0,0.0,0.010064873473031666,0.0,0.0077739084842685015,0.0,0.0,0.0
0.6,100,0.002020488111737862,0.00154572679661729,0.0,0.004399336041169984,0.006057162828815212,0.0,0.00572605804680594,0.007649039768348402,0.0,0.0056416076924304375,0.009660393515035039,0.0,0.0,0.0,0.0069054060538569564
0.6,98,0.002106332455913669,0.0,0.0,0.004451787303836754,0.006017351048213898,0.0,0.0046487806859308355,0.007537318030836965,0.0,0.0,0.009455961567407339,0.0,0.0,0.0,0.0
0.6,96,0.0021901867560613296,0.0,0.0,0.004453228099551712,0.0058569255738188985,0.0,0.0,0.007272460858634354,0.0,0.0,0.009060780808061232,0.0,0.011138976167623675,0.011908440032329723,0.0
0.6,94,0.0022695966605939468,0.0,0.004099785031062001,0.004366735022877704,0.005464107231806096,0.0,0.0,0.006720694642319474,0.00925046793175573,0.0,0.008313890007970276,0.0,0.010548484473181822,0.011170732157373018,0.0
0.6,84,0.002301932617143535,0.0,0.004367800062108966,0.0,0.0,0.007861281710941201,0.009280968971041139,0.0,0.0,0.010529492643997206,0.0,0.009782367088914536,0.0,0.0,0.0
0.6,92,0.0023407626035230433,0.0,0.004223752163601842,0.004106380538559902,0.004474919083921223,0.0,0.0,0.005447814841504609,0.009100337771024777,0.0,0.006690833119849003,0.0,0.009554231552234175,0.01001874373715315,0.0
0.6,90,0.0023974986914883103,0.0,0.004329071054756182,0.0033916388938269853,0.0,0.00821268645595379,0.0,0.0,0.00876426761527519,0.0,0.0,0.0,0.007579298240224854,0.007868249806350015,0.0
0.6,86,0.0024138148902923384,0.0,0.004429844111315026,0.0,0.0,0.008124720457337623,0.0,0.0,0.00653674263070441,0.010772507857884762,0.0,0.010776648196832205,0.0,0.0,0.00691146219202256
0.6,88,0.0024289532544675588,0.0,0.004404308847148514,0.0,0.0,0.008220411063515348,0.0,0.0,0.008082504575203672,0.0,0.0,0.011351152142323148,0.0,0.0,0.00908677482521609
0.6,63,0.003164724375168366,0.005968932543399657,0.0,0.0,0.011456697097093895,0.0,0.0,0.010776906269774011,0.01429579470713108,0.0,0.009104661693483502,0.01541301905298614,0.0,0.0,0.0
0.6,79,0.0033659959338868963,0.0,0.0,0.005871105854282222,0.005566106016868962,0.0,0.0,0.0,0.010202346451198047,0.0,0.0,0.012537983217506753,0.0,0.0,0.006827190247966423
0.6,77,0.0035146246518440866,0.0,0.00590492680669877,0.005514343814479022,0.0,0.009863020283525195,0.0,0.0,0.009364037174399362,0.0,0.0,0.011848080241391631,0.0,0.0,0.0
0.6,75,0.003656900540213741,0.0,0.006067387100778644,0.004545472988704635,0.0,0.009733603654135715,0.0,0.0,0.007524997745703733,0.01199016787025559,0.0,0.010686108935166473,0.0,0.0,0.0
0.6,65,0.0037701867008123,0.0,0.004838300227757777,0.0,0.011532267963654343,0.0,0.007839405071271077,0.011734760604467607,0.0,0.0,0.01155479449515164,0.0,0.009429143510204985,0.0,0.0
0.6,73,0.0037863596010765106,0.0,0.006186746536068828,0.0,0.0,0.009395284549704765,0.011095111294263096,0.0,0.0,0.011451010186932292,0.0,0.008415935567249802,0.0,0.0,0.0
0.6,71,0.0038924894183081185,0.0,0.0062344825578182165,0.0,0.0,0.008672996373410487,0.010936470658421389,0.0,0.0,0.010453318504573617,0.0,0.0,0.0,0.013101821975399431,0.0
0.6,67,0.003943966548909419,0.0,0.005825951461648737,0.0,0.0,0.0,0.009716946586851504,0.012212515207673455,0.0,0.0,0.012794482286945536,0.0,0.012080919774818498,0.008896952296633766,0.0068827771091256925
0.6,69,0.003956941783485611,0.0,0.006156074283947249,0.0,0.0,0.007008751089361939,0.01054209690419615,0.0,0.0,0.008350486015626764,0.013513062924716834,0.0,0.01350627448934823,0.01156176799352336,0.009206002079504108
0.6,48,0.0049656849226392555,0.008835888346085766,0.0,0.012740301029591975,0.010311643119878287,0.01654354192476984,0.0,0.0,0.011360715583119713,0.01523281654176067,0.0,0.0,0.016869852164942745,0.009953405230141665,0.0
0.6,60,0.0055253347261437265,0.0,0.008511085211773711,0.0,0.0,0.00836748845122568,0.012436412141762495,0.0,0.0,0.009228305137108843,0.01438880454875656,0.0,0.013146222110213086,0.008983862085577025,0.006190055863660115
0.6,58,0.0057599418048241,0.0,0.008603416524349478,0.0,0.0,0.0,0.011465069359577005,0.014151391979252696,0.0,0.0,0.013010761329831774,0.0,0.010238670942209213,0.0,0.0
0.6,50,0.005884808764178572,0.0,0.0,0.0,0.012663694184267223,0.0,0.0,0.0,0.014317830650348386,0.01675230241081228,0.0,0.011121601327626693,0.0,0.013295728859111258,0.0060788931906242466
0.6,56,0.00596154415668261,0.0,0.00851647758722409,0.0,0.0,0.0,0.00924594430289174,0.013543518235577597,0.0,0.0,0.010261687008391114,0.0,0.0,0.0,0.0
0.6,54,0.006100596442151647,0.0,0.008073097441284302,0.0,0.013962431393749574,0.0,0.0,0.012360966003441212,0.016474885264198512,0.0,0.0,0.01596048786751638,0.0,0.0,0.0
0.6,52,0.006119538215818222,0.0,0.006707691877112442,0.0,0.013601619116036797,0.0,0.0,0.009838698652577247,0.015730504055388755,0.0,0.0,0.014276051759356822,0.0,0.015367582190735623,0.008537465761096739
0.6,35,0.007888544048474277,0.013392491128613975,0.0,0.015417626054661186,0.0,0.01416696420931597,0.018887041548919486,0.021525396163380162,0.0,0.0,0.013942437487659195,0.019503287063997166,0.0,0.016345538937117304,0.0
0.6,45,0.008716093047861204,0.0,0.011635593833393942,0.0,0.017139223904575823,0.0,0.0,0.011493090368005747,0.018091297565898688,0.0,0.0,0.01523688542757971,0.0,0.014341549418348518,0.005591653999709393
0.6,43,0.009114727427445108,0.0,0.011072037682815021,0.0,0.016684386847269073,0.0,0.0,0.0,0.016460783649644806,0.019196183250581294,0.0,0.011634402769232308,0.0,0.010721033811245898,0.0
0.6,37,0.009270122547244644,0.012910177594742047,0.0,0.01632254156712901,0.0,0.017623271895955285,0.020490949899589814,0.0,0.0,0.0,0.018104087032619405,0.0,0.0,0.0,0.005900731883462393
0.6,41,0.009423826295257615,0.0,0.009219339881700567,0.0,0.01548733532119258,0.0,0.0,0.0,0.01303933740707376,0.017434319961920783,0.0,0.0,0.016345037554559513,0.0,0.0
0.6,39,0.009548672606444045,0.0,0.0,0.016487581876530717,0.01253055703660916,0.019083782929495998,0.0,0.0,0.0,0.013782269901150257,0.020315459726655345,0.0,0.012387626968664722,0.0,0.008737379966676694
0.6,24,0.012751344079818065,0.02057848080822573,0.0,0.0,0.0,0.0,0.0,0.0,0.02086437350056375,0.026846026370724304,0.0,0.0,0.015519739344426034,0.0,0.0
0.6,32,0.013964499193430673,0.0,0.012880081024098183,0.0,0.01552388025248988,0.022876587815246607,0.0,0.0,0.0,0.015180181062210168,0.02078564867464897,0.0,0.0,0.0,0.0
0.6,30,0.014664012698578493,0.0,0.0,0.02121732360908177,0.0,0.021022622274105326,0.024370748387029507,0.0,0.0,0.0,0.016048742314383902,0.02224115796826481,0.0,0.016774585218433988,0.0
0.6,26,0.014837627359658694,0.019856598986808333,0.0,0.016916909688895827,0.0,0.0,0.017597024923667107,0.01871533803813069,0.026374538231375366,0.0,0.0,0.0,0.021392680270356314,0.0,0.00597684680385058
0.6,28,0.015081635533844662,0.0,0.0,0.02029687319068173,0.0,0.016697925673105,0.022288905532090744,0.02357366240155977,0.0,0.0,0.0,0.017088649712335275,0.0,0.011879887737596564,0.0
0.6,17,0.020670492872540157,0.03160757608906751,0.0,0.0,0.040501386286202874,0.0,0.0,0.0,0.0,0.02340476367667199,0.026581124461363195,0.0,0.0,0.015447144026603512,0.005416531022315517
0.6,21,0.02261066010634853,0.0,0.0,0.027746761937365496,0.0,0.0,0.021411908233281398,0.023256899066838116,0.03210245532834751,0.0,0.0,0.0,0.019450401799066874,0.0,0.0
0.6,19,0.023092700160983037,0.0,0.0,0.023260322849410247,0.0,0.0,0.0,0.0,0.025485781521294944,0.031102924803696218,0.0,0.0,0.0,0.0,0.0
0.6,14,0.03890474385408,0.0,0.0,0.03374496350207999,0.0,0.0,0.0,0.0,0.030184715059199986,0.030184715059199986,0.0394723196928,0.0,0.0,0.017065973514239993,0.0
0.6,10,0.0412065792,0.053747712,0.0,0.0,0.04837294079999999,0.04837294079999999,0.04837294079999999,0.0,0.0,0.0,0.0,0.0,0.02418647039999999,0.0,0.0
0.6,12,0.042568187904,0.0,0.0,0.0,0.056757583871999986,0.0,0.0,0.0,0.0,0.0,0.029023764479999995,0.03192614092799999,0.0,0.0,0.0
0.6,7,0.0870912,0.0,0.0,0.0,0.07464959999999997,0.07464959999999997,0.07464959999999997,0.0,0.0,0.0,0.0,0.0,0.0,0.027993599999999997,0.0
0.6,5,0.10367999999999998,0.10367999999999998,0.0,0.0,0.0,0.0,0.0,0.0,0.07776,0.07776,0.07776,0.0,0.0,0.0,0.0
0.6,2,0.36,0.36,0.0,0.0,0.0,0.0,0.0,0.0,0.0,0.0,0.0,0.0,0.0,0.0,0.0
0.58,82,0.0023490957844158607,0.0,0.004630093881457666,0.0,0.0,0.00692057661765926,0.008711171402139577,0.0,0.0,0.008804466571546139,0.0,0.006260681306707449,0.0,0.0,0.0
0.58,100,0.0028131677657160102,0.001981342307069153,0.0,0.005191601602874988,0.006580682137741771,0.0,0.005727233051855715,0.007650609375271746,0.0,0.005194926846732854,0.008895520631219124,0.0,0.0,0.0,0.004205358216039023
0.58,84,0.002845139739488017,0.0,0.004970054936827736,0.0,0.0,0.007581701590326727,0.008950898822208857,0.0,0.0,0.009349065812057578,0.0,0.007996356933741351,0.0,0.0,0.0
0.58,98,0.0028893503819606868,0.0,0.0,0.005175860772301177,0.006440817175683837,0.0,0.004581019340188442,0.00742745291833475,0.0,0.0,0.008578595882398695,0.0,0.0,0.0,0.0
0.58,96,0.0029599774125374785,0.0,0.0,0.005101020601268974,0.006176455064596658,0.0,0.0,0.007060548123357209,0.0,0.0,0.00809860269085586,0.0,0.009165943754241828,0.009021406062567032,0.0
0.58,94,0.00302196820050242,0.0,0.005025621023238171,0.004928025357433564,0.0056770504317412785,0.0,0.0,0.006428433360223826,0.00884819498801928,0.0,0.0073212072538328355,0.0,0.008551768560008076,0.008337482854131517,0.0
0.58,86,0.0030281752064535215,0.0,0.005116263749708079,0.0,0.0,0.00795330792121638,0.0,0.0,0.005890988835256404,0.009708309949426968,0.0,0.008941244344972165,0.0,0.0,0.004119400058985317
0.58,92,0.003070665676113336,0.0,0.00510106708876234,0.004565719695686763,0.004580603315426047,0.0,0.0,0.005133898509109616,0.00857595418976364,0.0,0.005804871128184822,0.0,0.007631248415519593,0.007367167447428901,0.0
0.58,88,0.0030928740613789516,0.0,0.0051630732838254915,0.0,0.0,0.008167684375354317,0.0,0.0,0.007393308274006073,0.0,0.0,0.009559171311286654,0.0,0.0,0.005497178542928237
0.58,90,0.0030986141556974566,0.0,0.005150996798937202,0.003715297684504044,0.0,0.008282409454053737,0.0,0.0,0.008137191343079999,0.0,0.0,0.0,0.005964345361044478,0.005700321756541595,0.0
0.58,63,0.0034866609793273514,0.00657613166903407,0.0,0.0,0.010698136836571932,0.0,0.0,0.00926467666925874,0.012289790072976772,0.0,0.007205886527350097,0.012198637366086387,0.0,0.0,0.0
0.58,79,0.004177493226126744,0.0,0.0,0.006175853227454295,0.005390337693505826,0.0,0.0,0.0,0.00909603265870689,0.0,0.0,0.010291224968259056,0.0,0.0,0.004025605098634233
0.58,65,0.004216020643696295,0.0,0.004981041149414231,0.0,0.010930234635741672,0.0,0.006840460027977005,0.0102394454838044,0.0,0.0,0.00928222034972299,0.0,0.0069734764376775706,0.0,0.0
0.58,77,0.004297491990802421,0.0,0.006647189929002602,0.005714850237151718,0.0,0.009410406493212455,0.0,0.0,0.008225248556861445,0.0,0.0,0.009581231473271253,0.0,0.0,0.0
0.58,75,0.004405378535817576,0.0,0.006729134839751457,0.0046411334093185526,0.0,0.009149683537126726,0.0,0.0,0.0065121775598668,0.010376362197356668,0.0,0.00851386776378925,0.0,0.0,0.0
0.58,67,0.0044765056463748135,0.0,0.006087797808712457,0.0,0.0,0.0,0.008605935001292985,0.010816166492234935,0.0,0.0,0.010432260128586137,0.0,0.009068660312949083,0.006148537703017215,0.004031523283659615
0.58,73,0.004493925809290293,0.0,0.006760110711795514,0.0,0.0,0.00870114309227067,0.010275383410190093,0.0,0.0,0.009763322117304683,0.0,0.006606077478978834,0.0,0.0,0.0
0.58,71,0.0045516141507851065,0.0,0.0067115967751431495,0.0,0.0,0.007913516194628413,0.009978781719871009,0.0,0.0,0.008780959174699976,0.0,0.0,0.0,0.009328124997660276,0.0
0.58,69,0.00455860137167328,0.0,0.006529249311383971,0.0,0.0,0.006300498681639527,0.009476790771956314,0.0,0.0,0.006910882126124334,0.011183443078745114,0.0,0.010290695988896835,0.008110000313853769,0.005473215870812795
0.58,48,0.005099339770735731,0.009073712399180511,0.0,0.012044864652527182,0.008975063966917671,0.014399193735473872,0.0,0.0,0.00910338290018654,0.01220611154406378,0.0,0.0,0.012445027013103332,0.006759953315573855,0.0
0.58,50,0.006133850503905198,0.0,0.0,0.0,0.01118757951575253,0.0,0.0,0.0,0.011645023956710247,0.01362503633881276,0.0,0.00832756309966313,0.0,0.009165374248365003,0.0035517096405160145
0.58,60,0.006204254962365323,0.0,0.008798394414937117,0.0,0.0,0.007331426717404901,0.010896536610268116,0.0,0.0,0.007443938330262437,0.011606613794816497,0.0,0.009762683950557703,0.0061421268983808605,0.0035869486976606657
0.58,58,0.006372107548913507,0.0,0.008762406464090738,0.0,0.0,0.0,0.00989701025784622,0.012215928852142056,0.0,0.0,0.01033992737321768,0.0,0.007491103677168198,0.0,0.0
0.58,52,0.006474191275205058,0.0,0.006533222119339452,0.0,0.01219642002462279,0.0,0.0,0.008122072580315581,0.01298589378274617,0.0,0.0,0.010849875760962233,0.0,0.01075250467398717,0.005063000364683336
0.58,56,0.0064976711017186405,0.0,0.00854567577094533,0.0,0.0,0.0,0.007863439770495787,0.011518416771423496,0.0,0.0,0.008034659932811522,0.0,0.0,0.0,0.0
0.58,54,0.006550964022022199,0.0,0.00798105963085052,0.0,0.01270775571174499,0.0,0.0,0.010357326368737898,0.013804403597688948,0.0,0.0,0.012312007063745758,0.0,0.0,0.0
0.58,35,0.007664055633933896,0.013011374019837728,0.0,0.013790078733665974,0.0,0.011665771852757365,0.015552514598600957,0.017725064944900858,0.0,0.0,0.0105697041652179,0.014785361218096515,0.0,0.01140803420535492,0.0
0.58,45,0.00912249980725737,0.0,0.011211610507424622,0.0,0.01520400646472743,0.0,0.0,0.00938622928375681,0.01477488313038135,0.0,0.0,0.01145613132266967,0.0,0.009927166346666636,0.0032805329488260863
0.58,37,0.009141412599888725,0.012730927722897727,0.0,0.014818459698945461,0.0,0.01472954277237921,0.017126350020279655,0.0,0.0,0.0,0.013930502966199451,0.0,0.0,0.0,0.003542895823107534
0.58,43,0.00939874027601134,0.0,0.01051092560103372,0.0,0.014581798811654608,0.0,0.0,0.0,0.013244598634216533,0.015445543047903772,0.0,0.008618264796306714,0.0,0.007311388291891863,0.0
0.58,39,0.009557336590360954,0.0,0.0,0.015192816330968549,0.010630143912887986,0.01618949248227144,0.0,0.0,0.0,0.010764081097483745,0.015866563171290992,0.0,0.008907006588372084,0.0,0.005324756659717699
0.58,41,0.00957386265492755,0.0,0.008622777714939031,0.0,0.01333556775270229,0.0,0.0,0.0,0.010336601561903348,0.013820611686246383,0.0,0.0,0.011928768755890592,0.0,0.0
0.58,24,0.011896269772280378,0.019198537633833543,0.0,0.0,0.0,0.0,0.0,0.0,0.016498143475822437,0.02122803231105669,0.0,0.0,0.011298000629833974,0.0,0.0
0.58,32,0.013827522492941322,0.0,0.011741539607846026,0.0,0.013028492898108373,0.0191992889043375,0.0,0.0,0.0,0.011728927243692084,0.016059977151709107,0.0,0.0,0.0,0.0
0.58,26,0.014050291718062581,0.018802939414139633,0.0,0.014747871894459266,0.0,0.0,0.014123262103192103,0.015020813211832282,0.021168039365074075,0.0,0.0,0.0,0.015806962182258213,0.0,0.0037430896283522394
0.58,30,0.014305590663863079,0.0,0.0,0.019055967810178407,0.0,0.017382600197230643,0.02015100543574153,0.0,0.0,0.0,0.012216767316559669,0.016930613404242272,0.0,0.011755863446765102,0.0
0.58,28,0.014495572257281953,0.0,0.0,0.017959883131539227,0.0,0.013602675430200684,0.018157270165346025,0.019203875057728324,0.0,0.0,0.0,0.012816132942672453,0.0,0.008202552843432789,0.0
0.58,17,0.019077910259127365,0.029172332941167434,0.0,0.0,0.03441417018534792,0.0,0.0,0.0,0.0,0.018308767847644274,0.020793529198395996,0.0,0.0,0.011124756082663851,0.003591294171397979
0.58,21,0.02149934829389895,0.0,0.0,0.02428912142605501,0.0,0.0,0.01725608675571195,0.018742984679076945,0.025871713449447966,0.0,0.0,0.0,0.0144312172095874,0.0,0.0
0.58,19,0.02163319815300085,0.0,0.0,0.020060843695592443,0.0,0.0,0.0,0.0,0.02023572904607314,0.024695744893759284,0.0,0.0,0.0,0.0,0.0
0.58,14,0.03659651615780306,0.0,0.0,0.02922359165714676,0.0,0.0,0.0,0.0,0.024065736248895422,0.024065736248895422,0.03147057817163248,0.0,0.0,0.012526524252630181,0.0
0.58,10,0.037624580131286285,0.04907553930167777,0.0,0.0,0.04066258970710443,0.04066258970710443,0.04066258970710443,0.0,0.0,0.0,0.0,0.0,0.018717700023905208,0.0,0.0
0.58,12,0.03945084453383273,0.0,0.0,0.0,0.048426433501847575,0.0,0.0,0.0,0.0,0.0,0.022798158629116543,0.025077974492028195,0.0,0.0,0.0
0.58,7,0.08104693371264,0.0,0.0,0.0,0.06395540347391998,0.06395540347391998,0.06395540347391998,0.0,0.0,0.0,0.0,0.0,0.0,0.022079841675519993,0.0
0.58,5,0.09505856639999999,0.09505856639999999,0.0,0.0,0.0,0.0,0.0,0.0,0.06563567679999999,0.06563567679999999,0.06563567679999999,0.0,0.0,0.0,0.0
0.58,2,0.3364,0.3364,0.0,0.0,0.0,0.0,0.0,0.0,0.0,0.0,0.0,0.0,0.0,0.0,0.0
0.55,82,0.0024466552570386263,0.0,0.004268087595254515,0.0,0.0,0.0049972232646180266,0.006290179387909274,0.0,0.0,0.005626793712891165,0.0,0.0035412045556029613,0.0,0.0,0.0
0.55,84,0.00301074223843416,0.0,0.004654817255115206,0.0,0.0,0.005562257347015331,0.006566758417364272,0.0,0.0,0.006070494653204053,0.0,0.00459535966531593,0.0,0.0,0.0
0.55,86,0.0032557338306021923,0.0,0.004868467670716903,0.0,0.0,0.005928299110012523,0.0,0.0,0.0038863506519043215,0.00640467971608412,0.0,0.005220633660383688,0.0,0.0,0.0014758598457764002
0.55,63,0.003319447514033612,0.006260753210638837,0.0,0.0,0.007978241502847205,0.0,0.0,0.006115060663234044,0.008111757648707831,0.0,0.00420948914405233,0.0071261227011931985,0.0,0.0,0.0
0.55,88,0.0033785320930900765,0.0,0.004991666643253364,0.0,0.0,0.006185562179389298,0.0,0.0,0.004955534655610829,0.0,0.0,0.0056707881068030885,0.0,0.0,0.00200100838263875
0.55,100,0.0033802510835328026,0.0021070959568605784,0.0,0.0048864969401843554,0.005481995311116966,0.0,0.004222640163390148,0.00564072914964829,0.0,0.0033899252927658443,0.0058047305130109784,0.0,0.0,0.0,0.00149029089813877
0.55,98,0.0034170837204923945,0.0,0.0,0.0047949152954761196,0.005280934711641483,0.0,0.003324324607767274,0.0053899061924583295,0.0,0.0,0.005509713054060764,0.0,0.0,0.0,0.0
0.55,90,0.0034389925281523145,0.0,0.005059720001609831,0.0032299834247227215,0.0,0.006372866869280133,0.0,0.0,0.005541459330908544,0.0,0.0,0.0,0.0031816715896994113,0.0026913080461554275,0.0
0.55,96,0.003445449482076799,0.0,0.0,0.004651119653449413,0.004984380558672333,0.0,0.0,0.005042916732498217,0.0,0.0,0.005119469333047757,0.0,0.00512818297849292,0.00446716535807727,0.0
0.55,94,0.003462178541679903,0.0,0.005095898611394564,0.004422577470823381,0.004509171363083979,0.0,0.0,0.004519086004979206,0.006220139791305681,0.0,0.004555118026916409,0.0,0.004709169737748749,0.004063449174355973,0.0
0.55,92,0.0034625351069665104,0.0,0.005090895224058846,0.004032866458350241,0.003580954078425268,0.0,0.0,0.003552178817467443,0.005933760232773462,0.0,0.0035547707364023957,0.0,0.004136052830244835,0.003533967081946754,0.0
0.55,65,0.004078089311648285,0.0,0.004264278945876371,0.0,0.008281832335774125,0.0,0.004587263961582791,0.0068666491818297785,0.0,0.0,0.0055092409652251735,0.0,0.003663200625040265,0.0,0.0
0.55,67,0.00439937578414252,0.0,0.00529521521381583,0.0,0.0,0.0,0.005863600897266621,0.007369528533427833,0.0,0.0,0.006290949822633517,0.0,0.004840078671830214,0.0029043743935902176,0.0014917391101512702
0.55,79,0.0045160131050653715,0.0,0.0,0.005229730996671192,0.0040398927017258,0.0,0.0,0.0,0.006033611466221578,0.0,0.0,0.006041765626639528,0.0,0.0,0.0014501531211601627
0.55,69,0.004551782056738072,0.0,0.005770116305629805,0.0,0.0,0.00436153322669367,0.0065603279871738,0.0,0.0,0.0042341790445403005,0.006851903919881715,0.0,0.005580228125834881,0.0038922394395555283,0.002057615395324165
0.55,77,0.0045725303402805355,0.0,0.0062596648387915,0.004763095824506162,0.0,0.0069416757112255225,0.0,0.0,0.005370026647113566,0.0,0.0,0.005536307642565212,0.0,0.0,0.0
0.55,48,0.004580890426884562,0.008151189003770319,0.0,0.00957655595156087,0.006315626688286383,0.010132510763240449,0.0,0.0,0.005669609943052818,0.007601997206425066,0.0,0.0,0.006859898461934497,0.00329789643406185,0.0
0.55,75,0.0046134607704664396,0.0,0.006236979319052154,0.003807243010622899,0.0,0.006642997537976504,0.0,0.0,0.004184617088475751,0.006667677926177532,0.0,0.0048420343251989705,0.0,0.0,0.0
0.55,71,0.004617566949209565,0.0,0.006026221508814461,0.0,0.0,0.0055658522707254,0.007018425631366909,0.0,0.0,0.005466075299688004,0.0,0.0,0.0,0.004548528856841192,0.0
0.55,73,0.004632032304748653,0.0,0.006166957597738486,0.0,0.0,0.006217795148983642,0.007342739734803513,0.0,0.0,0.006174889489316413,0.0,0.0036978280034294757,0.0,0.0,0.0
0.55,50,0.005598440410354766,0.0,0.0,0.0,0.007998581109593849,0.0,0.0,0.0,0.007368662695584448,0.00862156208256998,0.0,0.0046637761295967575,0.0,0.004542986422431135,0.0013790233978878451
0.55,52,0.00600367699184414,0.0,0.00536204789120216,0.0,0.008859457103725769,0.0,0.0,0.0052217139367563324,0.008348684633887922,0.0,0.0,0.006173656298846003,0.0,0.005415004165225569,0.0019972850846508364
0.55,60,0.00613074293332033,0.0,0.007694818291525217,0.0,0.0,0.005022574472584148,0.007464940826372126,0.0,0.0,0.004513486275746105,0.007037443050517966,0.0,0.005239020071228591,0.002917232811733434,0.0013345056447704126
0.55,54,0.006172128025387352,0.0,0.006655209631055492,0.0,0.009378675598894652,0.0,0.0,0.00676537369844408,0.009016993932372533,0.0,0.0,0.007117778316479995,0.0,0.0,0.0
0.55,58,0.006197387436773039,0.0,0.007542588554722653,0.0,0.0,0.0,0.006673351308421334,0.008236950620961034,0.0,0.0,0.006170621793837675,0.0,0.003956659892685821,0.0,0.0
0.55,56,0.006219927969991776,0.0,0.007240115838521926,0.0,0.0,0.0,0.0052186072491204405,0.0076442492110486695,0.0,0.0,0.004719337329725075,0.0,0.0,0.0,0.0
0.55,35,0.006600432445897631,0.011205646115875668,0.0,0.01051119178384338,0.0,0.007869917245323516,0.010491976389778716,0.011957613782013328,0.0,0.0,0.006310895538394321,0.008827954755052513,0.0,0.006028516400427765,0.0
0.55,37,0.007998802478852984,0.011139654305643319,0.0,0.011475885252044201,0.0,0.010095872845899282,0.011738684274934843,0.0,0.0,0.0,0.008450703723805516,0.0,0.0,0.0,0.0014900432650180114
0.55,39,0.008496625209518896,0.0,0.0,0.011954167604619946,0.007402725910044873,0.011274200655335034,0.0,0.0,0.0,0.006634389411434434,0.009779279600938317,0.0,0.00485878010158839,0.0,0.002275297455692224
0.55,45,0.008505839845930965,0.0,0.009252153146995096,0.0,0.011104636044778203,0.0,0.0,0.006067487843251185,0.009550845293560227,0.0,0.0,0.006554313524535653,0.0,0.005026735113408487,0.0013012119716951246
0.55,43,0.008625317044474782,0.0,0.008537247138654116,0.0,0.0104823695409335,0.0,0.0,0.0,0.008426721456826207,0.009827046678323348,0.0,0.0048530095165939735,0.0,0.0036438679549665332,0.0
0.55,41,0.00864758207511355,0.0,0.006893283863158091,0.0,0.009435435606828104,0.0,0.0,0.0,0.006472911862759697,0.008654643482071749,0.0,0.0,0.006611332655795026,0.0,0.0
0.55,24,0.009979304017202248,0.01610488391749025,0.0,0.0,0.0,0.0,0.0,0.0,0.0108409532249979,0.013948969814704412,0.0,0.0,0.0065706065403355425,0.0,0.0
0.55,26,0.011974922461706908,0.01602555634108521,0.0,0.011124697170809283,0.0,0.0,0.00942899342121633,0.010028217838120758,0.014132238179465654,0.0,0.0,0.0,0.009340071494492428,0.0,0.001732506839902524
0.55,32,0.012360200059378731,0.0,0.009289185735652442,0.0,0.009122592008944613,0.013443402925104108,0.0,0.0,0.0,0.0072686513280086715,0.009952689775131824,0.0,0.0,0.0,0.0
0.55,28,0.012552223199339397,0.0,0.0,0.013764494507883756,0.0,0.009226831055403773,0.012316258305407456,0.01302618089183707,0.0,0.0,0.0,0.007694080208356513,0.0,0.004358331048356409,0.0
0.55,30,0.012586036920646804,0.0,0.0,0.014838352718486887,0.0,0.011979560739029487,0.013887461647333886,0.0,0.0,0.0,0.007451675378702537,0.010326908238623244,0.0,0.006346344309643653,0.0
0.55,17,0.01609132465223557,0.024605497868659284,0.0,0.0,0.025690335156500706,0.0,0.0,0.0,0.0,0.012096592717241825,0.013738273157438927,0.0,0.0,0.006505278750161159,0.0018586510714746166
0.55,19,0.018538715645577474,0.0,0.0,0.015215267128214145,0.0,0.0,0.0,0.0,0.01358378238759301,0.016577689085110366,0.0,0.0,0.0,0.0,0.0
0.55,21,0.018718977813460953,0.0,0.0,0.01871716688872801,0.0,0.0,0.011769068612988544,0.012783168966581188,0.017645134440538415,0.0,0.0,0.0,0.008711124389716083,0.0,0.0
0.55,10,0.03190833946845704,0.04161957321972656,0.0,0.0,0.03052102036113282,0.03052102036113282,0.03052102036113282,0.0,0.0,0.0,0.0,0.0,0.012434489776757818,0.0,0.0
0.55,14,0.032038201207647006,0.0,0.0,0.022642972736792666,0.0,0.0,0.0,0.0,0.016503287978396293,0.016503287978396293,0.021581222740979768,0.0,0.0,0.007602796769534704,0.0
0.55,12,0.03399278642721168,0.0,0.0,0.0,0.036930434636970724,0.0,0.0,0.0,0.0,0.0,0.015387681098737801,0.01692644920861158,0.0,0.0,0.0
0.55,7,0.07134056015625,0.0,0.0,0.0,0.04982515312500002,0.04982515312500002,0.04982515312500002,0.0,0.0,0.0,0.0,0.0,0.0,0.015224352343750011,0.0
0.55,5,0.082355625,0.082355625,0.0,0.0,0.0,0.0,0.0,0.0,0.050328437500000024,0.050328437500000024,0.050328437500000024,0.0,0.0,0.0,0.0
0.55,2,0.30250000000000005,0.30250000000000005,0.0,0.0,0.0,0.0,0.0,0.0,0.0,0.0,0.0,0.0,0.0,0.0,0.0
0.52,82,0.0018926788104971215,0.0,0.0029265058366754106,0.0,0.0,0.002691960511211435,0.003388464678090018,0.0,0.0,0.0026866609052498837,0.0,0.0014987003441075616,0.0,0.0,0.0
0.52,84,0.0023488057058462432,0.0,0.003218756207263677,0.0,0.0,0.0030217629207289934,0.003567470157709274,0.0,0.0,0.002923111091969979,0.0,0.0019613390651679534,0.0,0.0,0.0
0.52,63,0.002517125633573633,0.004747507627505103,0.0,0.0,0.004753025296456515,0.0,0.0,0.003229056526150926,0.004283411958870406,0.0,0.0019702267093136354,0.0033353399425140634,0.0,0.0,0.0
0.52,86,0.0025614848283348414,0.0,0.0033950573627140454,0.0,0.0,0.003247945960835567,0.0,0.0,0.0018872637606200825,0.0031101979747044364,0.0,0.0022471174250790365,0.0,0.0,0.00039209868638784566
0.52,88,0.0026806512846027143,0.0,0.0035105064728178175,0.0,0.0,0.003417647301511942,0.0,0.0,0.0024268923522405062,0.0,0.0,0.0024615878852280696,0.0,0.0,0.0005361280823680232
0.52,90,0.0027517747625503326,0.0,0.0035885587922842776,0.0020305131470951883,0.0,0.0035510132166122195,0.0,0.0,0.0027368659311749416,0.0,0.0,0.0,0.0012345497170774705,0.0009256111438012467,0.0
0.52,92,0.002794121031047427,0.0,0.0036413055092568516,0.0025567527466221246,0.0020122668473121687,0.0,0.0,0.001769267789769427,0.002955484898574379,0.0,0.0015693589112839846,0.0,0.0016184850398138642,0.0012257362846073315,0.0
0.52,94,0.002817538549995915,0.0,0.0036758105144005762,0.002827611353848413,0.0025553649779094553,0.0,0.0,0.0022699627754488205,0.0031244118321259655,0.0,0.002028054836107911,0.0,0.0018583877508080487,0.0014213425329317058,0.0
0.52,100,0.0028214834061331116,0.0015589234288528534,0.0,0.003204424414629555,0.003186419792987192,0.0,0.002175506253718054,0.0029061063850483165,0.0,0.0015480262463922648,0.0026507590614315386,0.0,0.0,0.0,0.0003723221674587201
0.52,96,0.002827715229317228,0.0,0.0,0.0029989633445543606,0.0028486347593139213,0.0,0.0,0.0025545787996824705,0.0,0.0,0.0022986581169403826,0.0,0.0020409148248590986,0.0015758153506483467,0.0
0.52,98,0.0028282303693934288,0.0,0.0,0.003117912783545713,0.00304372738639906,0.0,0.0016982839630377321,0.0027535190840095483,0.0,0.0,0.0024948692835281205,0.0,0.0,0.0,0.0
0.52,65,0.0031186396543512246,0.0,0.002890453590460463,0.0,0.004975752376790584,0.0,0.0024428566725709995,0.003656698178373251,0.0,0.0,0.002600446685605336,0.0,0.0015326000003888529,0.0,0.0
0.52,67,0.003392883140535765,0.0,0.003619706754141216,0.0,0.0,0.0,0.003149038976113499,0.003957795387841444,0.0,0.0,0.0029946204438276807,0.0,0.002042160704925923,0.0010861805560696664,0.000438294642622743
0.52,48,0.003463081335334718,0.006162171077936136,0.0,0.006417029988626447,0.0037510521346636096,0.006018021330875668,0.0,0.0,0.00298470739053227,0.004001992636658389,0.0,0.0,0.0032009448937900652,0.001363984558451637,0.0
0.52,69,0.003540207183486768,0.0,0.003977807086745708,0.0,0.0,0.002362230085684489,0.0035531092709358237,0.0,0.0,0.0020326572815189295,0.0032893206093810223,0.0,0.0023744270211251343,0.0014679739596703655,0.0006096869011657352
0.52,71,0.00362184448105019,0.0,0.004189610207265344,0.0,0.0,0.003040073361614356,0.0038334701972981312,0.0,0.0,0.0026463051961262214,0.0,0.0,0.0,0.0017300519120166712,0.0
0.52,79,0.003663948002929909,0.0,0.0,0.0033334759008788427,0.0022824418950408705,0.0,0.0,0.0,0.0030214761517270046,0.0,0.0,0.0026817459592783726,0.0,0.0,0.0003972970539878577
0.52,73,0.0036640176290078804,0.0,0.004323832562650113,0.0,0.0,0.0034249810765269928,0.004044640268612848,0.0,0.0,0.0030148304057823817,0.0,0.001600266576930304,0.0,0.0,0.0
0.52,77,0.003678589495073973,0.0,0.004463625411856217,0.0030104950005219963,0.0,0.003888882695780346,0.0,0.0,0.0026665448540979025,0.0,0.0,0.002436714222798348,0.0,0.0,0.0
0.52,75,0.003680291212906608,0.0,0.004410030440740918,0.0023861064343985968,0.0,0.0036902453003183865,0.0,0.0,0.0020604344334969045,0.003283051447741331,0.0,0.00211321103196733,0.0,0.0,0.0
0.52,50,0.004268243873537115,0.0,0.0,0.0,0.004790920672137335,0.0,0.0,0.0,0.003912070153649523,0.004577242451506092,0.0,0.0021946616922104228,0.0,0.0018948867423140801,0.0004518947692908814
0.52,52,0.004616032541930154,0.0,0.0036542155599024453,0.0,0.0053515860648038005,0.0,0.0,0.0027957633737276523,0.004469978057190515,0.0,0.0,0.0029298252211058112,0.0,0.002277770642417953,0.000660047386824568
0.52,54,0.004785814343725882,0.0,0.004573983477490822,0.0,0.005713290362398785,0.0,0.0,0.003652990169340282,0.004868761381138966,0.0,0.0,0.0034065369270845176,0.0,0.0,0.0
0.52,56,0.0048637993938136885,0.0,0.005018197436095154,0.0,0.0,0.0,0.0028417162041171904,0.004162564035645385,0.0,0.0,0.0022778181130283784,0.0,0.0,0.0,0.0
0.52,60,0.004875758208700047,0.0,0.00542424570294645,0.0,0.0,0.002781577924622384,0.004134197456820528,0.0,0.0,0.0022155874822265614,0.0034545514879254714,0.0,0.0022794956583862486,0.0011250497494982204,0.0004043383307498719
0.52,58,0.004887292411378675,0.0,0.005272201798695787,0.0,0.0,0.0,0.0036647086771934797,0.004523368097848723,0.0,0.0,0.003003560107517603,0.0,0.0017070571071195113,0.0,0.0
0.52,35,0.0050168169818917766,0.00851712008084183,0.0,0.007081410295532252,0.0,0.0046994809565648575,0.006265230205539004,0.007140428101441753,0.0,0.0,0.003340278287227595,0.004672526333153677,0.0,0.002828225516876349,0.0
0.52,37,0.006131266840977933,0.008538802307560175,0.0,0.00779692528750147,0.0,0.006079851591455499,0.007069171666474083,0.0,0.0,0.0,0.004510803540185115,0.0,0.0,0.0,0.0005538545235821223
0.52,39,0.006568120087520527,0.0,0.0,0.008190791934917027,0.00449583282231891,0.0068470617401742186,0.0,0.0,0.0,0.0035713414446072946,0.005264259357016316,0.0,0.0023182997545267924,0.0,0.0008529123191746465
0.52,41,0.006741533441977094,0.0,0.004763235938801509,0.0,0.005778961707321128,0.0,0.0,0.0,0.0035139816215428157,0.004698389037548139,0.0,0.0,0.003181271482598822,0.0,0.0
0.52,45,0.006744037201873221,0.0,0.0065021577150846804,0.0,0.006917209770230333,0.0,0.0,0.0033500204836913417,0.005273274244064972,0.0,0.0,0.003207581427542312,0.0,0.002180461431630456,0.00044343944309080066
0.52,43,0.006781229551042481,0.0,0.005949262921489552,0.0,0.006474656093440785,0.0,0.0,0.0,0.004613471144419617,0.005380122805481319,0.0,0.0023550072227250976,0.0,0.0015673127328476942,0.0
0.52,24,0.007690747943402376,0.012411547203458839,0.0,0.0,0.0,0.0,0.0,0.0,0.00656386524048228,0.008445674121732277,0.0,0.0,0.003526221408200712,0.0,0.0
0.52,26,0.009307014965830163,0.012455203211476544,0.0,0.007663688262274548,0.0,0.0,0.005757406530246762,0.00612329697229607,0.008629239277903974,0.0,0.0,0.0,0.005055029501009301,0.0,0.0007366688613650974
0.52,28,0.009838473792952414,0.0,0.0,0.009562672388786244,0.0,0.005681768173773237,0.007584199172981615,0.008021360700400743,0.0,0.0,0.0,0.004199519294919248,0.0,0.0021085068549379013,0.0
0.52,32,0.00985306472467492,0.0,0.006563498836947495,0.0,0.005713312100070715,0.008419356748916917,0.0,0.0,0.0,0.004034924972701079,0.0055248703930097474,0.0,0.0,0.0,0.0
0.52,30,0.00994867993482243,0.0,0.0,0.01039618690247341,0.0,0.007439456567530594,0.008624286817294215,0.0,0.0,0.0,0.004101721570088946,0.005684372992918203,0.0,0.0030963340606552075,0.0
0.52,17,0.012788256373241325,0.019554724159514227,0.0,0.0,0.01809677712630801,0.0,0.0,0.0,0.0,0.0075527734291599225,0.008577792680260198,0.0,0.0,0.00360015533456623,0.0009117276496628765
0.52,19,0.014858280675900575,0.0,0.0,0.010808873319492972,0.0,0.0,0.0,0.0,0.008553295799126533,0.01043846804704485,0.0,0.0,0.0,0.0,0.0
0.52,21,0.015130052053546493,0.0,0.0,0.013409430566321904,0.0,0.0,0.007473503607240026,0.008117469829198648,0.011204877822367692,0.0,0.0,0.0,0.004903072324444687,0.0,0.0
0.52,10,0.026150196316974614,0.034108951717792976,0.0,0.0,0.022170818616565433,0.022170818616565433,0.022170818616565433,0.0,0.0,0.0,0.0,0.0,0.008006128944870853,0.0,0.0
0.52,14,0.0267040805780981,0.0,0.0,0.016728418293176395,0.0,0.0,0.0,0.0,0.01080696747533185,0.01080696747533185,0.014132188236972418,0.0,0.0,0.004412845052427171,0.0
0.52,12,0.028094861350911715,0.0,0.0,0.0,0.027054310930507586,0.0,0.0,0.0,0.0,0.0,0.009991648923198823,0.010990813815518707,0.0,0.0,0.0
0.52,7,0.061319306280959995,0.0,0.0,0.0,0.03795957055488001,0.03795957055488001,0.03795957055488001,0.0,0.0,0.0,0.0,0.0,0.0,0.010280717025280004,0.0
0.52,5,0.0701915136,0.0701915136,0.0,0.0,0.0,0.0,0.0,0.0,0.03802040320000001,0.03802040320000001,0.03802040320000001,0.0,0.0,0.0,0.0
0.52,2,0.27040000000000003,0.27040000000000003,0.0,0.0,0.0,0.0,0.0,0.0,0.0,0.0,0.0,0.0,0.0,0.0,0.0
0.505,82,0.0014908334288683007,0.0,0.002170829276024957,0.0,0.0,0.0017708961998276864,0.0022290888728451522,0.0,0.0,0.0016644139603866465,0.0,0.0008743541465787515,0.0,0.0,0.0
0.505,84,0.0018528970575111498,0.0,0.002391202495238649,0.0,0.0,0.0019908420487665486,0.002350372873055853,0.0,0.0,0.0018136179729386782,0.0,0.001145980536411753,0.0,0.0,0.0
0.505,63,0.0020141930628816344,0.0037989351034983616,0.0,0.0,0.003372985506287695,0.0,0.0,0.00215796337659219,0.0028625841818624466,0.0,0.0012399629179977634,0.0020990974429917143,0.0,0.0,0.0
0.505,86,0.0020237086235182764,0.0,0.00252596532113225,0.0,0.0,0.002143074200573152,0.0,0.0,0.0011726950359131942,0.0019325935260076173,0.0,0.0013149290693758315,0.0,0.0,0.00018045471670642072
0.505,88,0.002121038308484378,0.0,0.0026157849790117782,0.0,0.0,0.0022584352883451017,0.0,0.0,0.0015102713896811867,0.0,0.0,0.0014425932672379228,0.0,0.0,0.00024711175378076193
0.505,90,0.0021805852484924745,0.0,0.0026779614764671517,0.0014269676847609267,0.0,0.0023500910795464527,0.0,0.0,0.0017057288762632307,0.0,0.0,0.0,0.0006823594466560981,0.0004817894342736062,0.0
0.505,92,0.002217468181154221,0.0,0.002721406223918872,0.0017994884337993841,0.001333736306230502,0.0,0.0,0.0011043380736004617,0.0018447487250487012,0.0,0.0009224754668727729,0.0,0.0008959119090168001,0.0006389659792459474,0.0
0.505,94,0.0022394122287989864,0.0,0.0027513216601453843,0.0019931135482427666,0.0016962479497114131,0.0,0.0,0.0014189895778104291,0.0019531191764577429,0.0,0.0011938897862990862,0.0,0.0010302555206662312,0.0007420470473573294,0.0
0.505,96,0.0022508774250357927,0.0,0.0,0.00211707126749392,0.0018937609748371478,0.0,0.0,0.0015993067492119707,0.0,0.0,0.001355223494319869,0.0,0.00113314501493754,0.000823929422764098,0.0
0.505,100,0.0022526704760684646,0.0011721117610279004,0.0,0.0022689156178936683,0.0021246890349443013,0.0,0.0013660820803079135,0.0018248533412845915,0.0,0.0009154167423463112,0.0015675116816758062,0.0,0.0,0.0,0.00016307214738301817
0.505,98,0.002254669822437881,0.0,0.0,0.002204348617119988,0.002026497822416616,0.0,0.0010648164969662768,0.0017264442279254426,0.0,0.0,0.0014731139133736294,0.0,0.0,0.0,0.0
0.505,65,0.0024992712667614874,0.0,0.0021814148894379387,0.0,0.0035363488844431315,0.0,0.0016350024398364296,0.002447425798867423,0.0,0.0,0.0016390509185595335,0.0,0.0009096983049508267,0.0,0.0
0.505,67,0.00272313453071363,0.0,0.0027358838554827378,0.0,0.0,0.0,0.002110816354167159,0.00265292976507191,0.0,0.0,0.0018903328102708508,0.0,0.00121397704696549,0.0006080603109548085,0.00021760002512887219
0.505,48,0.0028236241545752626,0.005024327590216369,0.0,0.004927224363296372,0.0027123482073368632,0.004351570914644046,0.0,0.0,0.002032442072560805,0.0027251643610439608,0.0,0.0,0.0020526678772455776,0.0008237093866968752,0.0
0.505,69,0.0028456459866558308,0.0,0.003011063966517968,0.0,0.0,0.0015857934030135835,0.002385244890488201,0.0,0.0,0.0012850281557000602,0.0020794797207626223,0.0,0.0014136157724113048,0.0008230287019612229,0.0003031458585942125
0.505,71,0.0029156405777509362,0.0,0.003176156398435175,0.0,0.0,0.002043903890640077,0.0025773209126603845,0.0,0.0,0.0016754844783987415,0.0,0.0,0.0,0.0009714216089747377,0.0
0.505,73,0.00295402208753359,0.0,0.003282835525101166,0.0,0.0,0.002306144832604386,0.0027233803769402,0.0,0.0,0.0019116807283509963,0.0,0.0009555840298373981,0.0,0.0,0.0
0.505,79,0.0029673001159345653,0.0,0.0,0.0023941846245867497,0.0015437754169437643,0.0,0.0,0.0,0.001924543067812286,0.0,0.0,0.0016086078042309982,0.0,0.0,0.00018743218709024699
0.505,75,0.002971600101315307,0.0,0.0033533110489146712,0.0017086225644135824,0.0,0.002488488478458389,0.0,0.0,0.0013084684958301126,0.0020848852648362734,0.0,0.00126377981222528,0.0,0.0,0.0
0.505,77,0.0029746885519266898,0.0,0.003399162994548507,0.002158968132400006,0.0,0.002626378036289234,0.0,0.0,0.0016959199961104395,0.0,0.0,0.001459436281666897,0.0,0.0,0.0
0.505,50,0.003485342149341175,0.0,0.0,0.0,0.003469471453375148,0.0,0.0,0.0,0.0026679337791764533,0.003121564612143093,0.0,0.0014094837315770134,0.0,0.0011460401019130451,0.0002423829224936842
0.505,52,0.003775000822786647,0.0,0.0028142742969861755,0.0,0.0038813146261252843,0.0,0.0,0.0019095050823090174,0.003052992931456347,0.0,0.0,0.0018844568338032574,0.0,0.0013796805585155664,0.00035456169531156015
0.505,54,0.003919728907783073,0.0,0.003527920981614086,0.0,0.004149871290416812,0.0,0.0,0.0024987390679644915,0.003330357792297531,0.0,0.0,0.0021943685871238963,0.0,0.0,0.0
0.505,56,0.0039895860360807936,0.0,0.00387635905883657,0.0,0.0,0.0,0.0019467272288160979,0.0028515784715380803,0.0,0.0,0.0014694929764891005,0.0,0.0,0.0,0.0
0.505,60,0.0040114218297290114,0.0,0.0042026149344504184,0.0,0.0,0.0019112593487767167,0.0028406622978609667,0.0,0.0,0.001433644151763769,0.0022353428051751093,0.0,0.0013890417741927149,0.0006456131056914988,0.0002057755021703947
0.505,58,0.004014879368730792,0.0,0.004078686024437498,0.0,0.0,0.0,0.0025142928026948967,0.0031034040776934334,0.0,0.0,0.0019406034365877182,0.0,0.0010386580504553392,0.0,0.0
0.505,35,0.004174192215551464,0.007086584276183979,0.0,0.005548658762945149,0.0,0.003467705648736903,0.004623058243067235,0.005268859069889403,0.0,0.0,0.0023211278114409176,0.003246894386926892,0.0,0.0018507787904485905,0.0
0.505,37,0.005109123486648365,0.0071152987708564125,0.0,0.006118481167646956,0.0,0.00449300918261021,0.005224116531981377,0.0,0.0,0.0,0.0031392240536132552,0.0,0.0,0.0,0.0003219113776743407
0.505,39,0.0054813718185026125,0.0,0.0,0.0064372169322833815,0.0033274112261353086,0.005067579467633764,0.0,0.0,0.0,0.0024891540228029283,0.0036690841687460085,0.0,0.0015216475076235915,0.0,0.0004964745637487724
0.505,41,0.0056345452024797165,0.0,0.0037490941001752398,0.0,0.004283493741437307,0.0,0.0,0.0,0.002452855016380927,0.0032796036976992736,0.0,0.0,0.002091207838983476,0.0,0.0
0.505,45,0.0056535875702755775,0.0,0.005133171077032963,0.0,0.005142606071892127,0.0,0.0,0.0023454374077231097,0.0036919579248615533,0.0,0.0,0.002114843077669712,0.0,0.0013538574527371566,0.00024417826122076643
0.505,43,0.005676238251823184,0.0,0.004689638922434922,0.0,0.004806368021254212,0.0,0.0,0.0,0.003225166926356183,0.003761114698411292,0.0,0.0015503890959435856,0.0,0.000971691036605794,0.0
0.505,24,0.0065398042518270165,0.010554121623835554,0.0,0.0,0.0,0.0,0.0,0.0,0.004949986030678127,0.006369108351645994,0.0,0.0,0.002504251645584496,0.0,0.0
0.505,26,0.007926082338239916,0.010607156704498506,0.0,0.006146247869744847,0.0,0.0,0.0043483371431638764,0.00462467944957097,0.006517316689768345,0.0,0.0,0.0,0.0035953740585496553,0.0,0.0004646659452475629
0.505,28,0.008391273887018177,0.0,0.0,0.0076807479507733185,0.0,0.004297657671777432,0.005736645840375209,0.006067312374921806,0.0,0.0,0.0,0.0029913825997858632,0.0,0.001414397474958502,0.0
0.505,32,0.00842898907856298,0.0,0.005287661449338239,0.0,0.00433451240431477,0.006387504415185014,0.0,0.0,0.0,0.0028827822403341323,0.00394728485829922,0.0,0.0,0.0,0.0
0.505,30,0.008498017449882244,0.0,0.0,0.008362773049296762,0.0,0.005635617614923851,0.0065331630425569985,0.0,0.0,0.0,0.00292610936955433,0.004055150207150422,0.0,0.0020801577025370624,0.0
0.505,17,0.011147140701029176,0.017045268347296236,0.0,0.0,0.014855164295948504,0.0,0.0,0.0,0.0,0.005838573493457186,0.006630951324712091,0.0,0.0,0.0026208707681741146,0.0006250482823744642
0.505,19,0.012970977402149534,0.0,0.0,0.008886047789398489,0.0,0.0,0.0,0.0,0.0066219482443851795,0.008081445653412138,0.0,0.0,0.0,0.0,0.0
0.505,21,0.013228072390782879,0.0,0.0,0.011040545948643805,0.0,0.0,0.005794667687265139,0.0062939743651208675,0.008687831955299747,0.0,0.0,0.0,0.003580112377029854,0.0,0.0
0.505,10,0.023365930449534993,0.03047730058634999,0.0,0.0,0.01865580217709909,0.01865580217709909,0.01865580217709909,0.0,0.0,0.0,0.0,0.0,0.00634422902318858,0.0,0.0
0.505,14,0.023932592598935744,0.0,0.0,0.014118581674660862,0.0,0.0,0.0,0.0,0.008589425326118855,0.008589425326118855,0.01123232542646312,0.0,0.0,0.003302957726415091,0.0
0.505,12,0.025141258606440363,0.0,0.0,0.0,0.0227992558406328,0.0,0.0,0.0,0.0,0.0,0.007929493250357827,0.00872244257539361,0.0,0.0,0.0
0.505,7,0.05633331758375836,0.0,0.0,0.0,0.03284077965921845,0.03284077965921845,0.03284077965921845,0.0,0.0,0.0,0.0,0.0,0.0,0.008376057438336014,0.0
0.505,5,0.06438737311875001,0.06438737311875001,0.0,0.0,0.0,0.0,0.0,0.0,0.032844064065625,0.032844064065625,0.032844064065625,0.0,0.0,0.0,0.0
0.505,2,0.255025,0.255025,0.0,0.0,0.0,0.0,0.0,0.0,0.0,0.0,0.0,0.0,0.0,0.0,0.0
